,URL_ID,URL,POSITIVE SCORE,NEGATIVE SCORE,POLARITY SCORE,SUBJECTIVITY SCORE,AVG SENTENCE LENGTH,PERCENTAGE OF COMPLEX WORDS,FOG INDEX,AVG NUMBER OF WORDS PER SENTENCE,COMPLEX WORD COUNT,WORD COUNT,SYLLABLE PER WORD,PERSONAL PRONOUNS,AVG WORD LENGTH
0,Netclan20241017,https://insights.blackcoffer.com/ai-and-ml-based-youtube-analytics-and-content-creation-tool-for-optimizing-subscriber-engagement-and-content-strategy/,5,3,0.24999996875000394,0.015122873317348066,5.8108108108108105,0.4325581395348837,2.497347580138278,5.8108108108108105,93,215,4.538461538461538,1,18.413953488372094
1,Netclan20241018,https://insights.blackcoffer.com/enhancing-front-end-features-and-functionality-for-improved-user-experience-and-dashboard-accuracy-in-partner-hospital-application/,4,2,0.33333327777778704,0.018987341712065373,9.1875,0.46258503401360546,3.8600340136054423,9.1875,68,147,3.05,2,9.156462585034014
2,Netclan20241019,https://insights.blackcoffer.com/roas-dashboard-for-campaign-wise-google-ads-budget-tracking-using-google-ads-ap/,10,5,0.3333333111111126,0.03409090901342975,10.85,0.4423963133640553,4.516958525345622,10.85,96,217,2.7523809523809524,1,8.341013824884792
3,Netclan20241020,https://insights.blackcoffer.com/efficient-processing-and-analysis-of-financial-data-from-pdf-files-addressing-formatting-inconsistencies-and-ensuring-data-integrity-for-a-toyota-dealership-management-firm/,10,7,0.17647057785467188,0.0389908255986449,13.833333333333334,0.5582329317269076,5.756626506024097,13.833333333333334,139,249,2.759493670886076,3,7.738955823293173
4,Netclan20241021,https://insights.blackcoffer.com/development-of-ea-robot-for-automated-trading/,0,1,-0.9999990000010001,0.007462686511472489,8.5,0.49019607843137253,3.596078431372549,8.5,25,51,2.8297872340425534,1,8.019607843137255
5,Netclan20241022,https://insights.blackcoffer.com/ai-and-ml-based-youtube-analytics-and-content-creation-tool-for-optimizing-subscriber-engagement-and-content-strategy/,5,3,0.24999996875000394,0.015122873317348066,5.8108108108108105,0.4325581395348837,2.497347580138278,5.8108108108108105,93,215,4.538461538461538,1,18.413953488372094
6,Netclan20241023,https://insights.blackcoffer.com/enhancing-front-end-features-and-functionality-for-improved-user-experience-and-dashboard-accuracy-in-partner-hospital-application/,4,2,0.33333327777778704,0.018987341712065373,9.1875,0.46258503401360546,3.8600340136054423,9.1875,68,147,3.05,2,9.156462585034014
7,Netclan20241024,https://insights.blackcoffer.com/roas-dashboard-for-campaign-wise-google-ads-budget-tracking-using-google-ads-ap/,10,5,0.3333333111111126,0.03409090901342975,10.85,0.4423963133640553,4.516958525345622,10.85,96,217,2.7523809523809524,1,8.341013824884792
8,Netclan20241025,https://insights.blackcoffer.com/efficient-processing-and-analysis-of-financial-data-from-pdf-files-addressing-formatting-inconsistencies-and-ensuring-data-integrity-for-a-toyota-dealership-management-firm/,10,7,0.17647057785467188,0.0389908255986449,13.833333333333334,0.5582329317269076,5.756626506024097,13.833333333333334,139,249,2.759493670886076,3,7.738955823293173
9,Netclan20241026,https://insights.blackcoffer.com/transforming-and-managing-a-large-scale-sql-pedigree-database-to-neo4j-graph-db/,4,2,0.33333327777778704,0.01694915249449392,8.25,0.503030303030303,3.501212121212122,8.25,83,165,3.096774193548387,1,9.127272727272727
10,Netclan20241027,https://insights.blackcoffer.com/enhancing-model-accuracy-from-58-to-over-90-strategies-for-improving-predictive-performance/,11,3,0.5714285306122479,0.033734939677747135,11.722222222222221,0.5450236966824644,4.906898367561875,11.722222222222221,115,211,3.045,1,8.76777251184834
11,Netclan20241028,https://insights.blackcoffer.com/securing-sensitive-financial-data-with-privacy-preserving-machine-learning-for-predictive-analytics/,8,3,0.4545454132231443,0.030985915405673477,12.714285714285714,0.5786516853932584,5.31717495987159,12.714285714285714,103,178,3.1098265895953756,2,9.129213483146067
12,Netclan20241029,https://insights.blackcoffer.com/enhancing-data-collection-for-research-institutions-addressing-survey-fatigue-and-incorporating-verbal-communication-for-richer-insights/,9,4,0.3846153550295881,0.03672316373807016,8.6,0.5232558139534884,3.6493023255813952,8.6,90,172,3.283132530120482,2,10.186046511627907
13,Netclan20241030,https://insights.blackcoffer.com/analyzing-the-impact-of-positive-emotions-and-pandemic-severity-on-mental-health-and-resilience-among-entrepreneurs-insights-and-predictive-modeling/,7,6,0.07692307100591762,0.03030303023239387,12.277777777777779,0.5746606334841629,5.140975364504777,12.277777777777779,127,221,3.210280373831776,1,9.244343891402714
14,Netclan20241031,https://insights.blackcoffer.com/dynamic-brand-centric-dashboard-for-automotive-dealerships-pdf-to-financial-insights-with-flask-react-architecture-and-aws-cloud-hosting/,10,6,0.24999998437500096,0.05536332160773937,9.375,0.5266666666666666,3.960666666666667,9.375,79,150,3.111888111888112,2,9.46
15,Netclan20241032,https://insights.blackcoffer.com/cloud-based-data-modeling-and-analysis-platform-with-drag-and-drop-interface-and-openai-api-integration-for-simulation-insights/,8,7,0.06666666222222252,0.03171247350589329,11.65,0.45064377682403434,4.840257510729614,11.65,105,233,2.606194690265487,1,7.197424892703863
16,Netclan20241033,https://insights.blackcoffer.com/voter-profile-analysis-and-search-application-for-targeted-campaign-engagement-using-government-voter-data/,10,3,0.5384614970414233,0.03430079146622483,10.68421052631579,0.5270935960591133,4.484521648949961,10.68421052631579,107,203,2.9794871794871796,1,8.80295566502463
17,Netclan20241034,https://insights.blackcoffer.com/bert-based-classification-of-individuals-and-organizations-into-two-categories-using-natural-language-processing/,2,1,0.33333322222225925,0.011278195446322574,8.846153846153847,0.4782608695652174,3.7297658862876255,8.846153846153847,55,115,3.2,1,10.173913043478262
18,Netclan20241035,https://insights.blackcoffer.com/comprehensive-analysis-of-solana-and-ethereum-contributors-using-github-api-with-comparative-study-of-1000-random-github-profiles/,5,2,0.4285713673469475,0.020833333271329364,9.625,0.42207792207792205,4.018831168831169,9.625,65,154,3.2097902097902096,2,9.987012987012987
19,Netclan20241036,https://insights.blackcoffer.com/powerbi-rest-api-fetching-dataflow-and-refresh-schedules-with-semantic-models/,12,3,0.5999999600000027,0.04297994257025804,8.789473684210526,0.5389221556886228,3.7313583359596594,8.789473684210526,90,167,3.006172839506173,1,9.281437125748504
20,Netclan20241037,https://insights.blackcoffer.com/automated-job-data-import-and-management-solution-for-enhanced-efficiency/,3,1,0.49999987500003124,0.02083333322482639,9.75,0.46153846153846156,4.084615384615385,9.75,36,78,2.671232876712329,1,7.6923076923076925
21,Netclan20241038,https://insights.blackcoffer.com/data-analytics-and-optimization-solution-for-enhancing-renewable-energy-efficiency/,1,1,0.0,0.010309278297374854,10.125,0.4567901234567901,4.232716049382716,10.125,37,81,2.710526315789474,1,7.716049382716049
22,Netclan20241039,https://insights.blackcoffer.com/time-series-analysis-and-trend-forecasting-solution-for-predicting-news-trends/,1,1,0.0,0.010256410203813281,10.25,0.43902439024390244,4.275609756097562,10.25,36,82,2.5324675324675323,1,7.414634146341464
23,Netclan20241040,https://insights.blackcoffer.com/advanced-data-visualization-solutions-for-monitoring-key-business-metrics-with-integrated-interactive-dashboards/,4,1,0.599999880000024,0.0256410255095332,10.125,0.48148148148148145,4.242592592592593,10.125,39,81,2.736842105263158,1,7.839506172839506
24,Netclan20241041,https://insights.blackcoffer.com/advanced-patient-data-analysis-solution-for-trend-identification-and-improved-healthcare-outcome/,4,1,0.599999880000024,0.026041666531032986,10.125,0.5061728395061729,4.252469135802469,10.125,41,81,2.776315789473684,1,7.827160493827161
25,Netclan20241042,https://insights.blackcoffer.com/anomaly-detection-and-analysis-for-enhanced-data-integrity-and-user-experience-on-bright-datas-website/,4,2,0.33333327777778704,0.030769230611439845,10.125,0.4691358024691358,4.237654320987654,10.125,38,81,2.6578947368421053,1,7.6419753086419755
26,Netclan20241043,https://insights.blackcoffer.com/building-custom-tflite-models-and-benchmarking-on-voxl2-chips/,5,1,0.6666665555555741,0.017804154249839305,11.2,0.47023809523809523,4.668095238095238,11.2,79,167,2.7222222222222223,1,7.850299401197605
27,Netclan20241044,https://insights.blackcoffer.com/sports-prediction-model-for-multiple-sports-leagues/,11,5,0.37499997656250145,0.038277511870149494,11.333333333333334,0.4957983193277311,4.731652661064426,11.333333333333334,118,238,2.8078602620087336,1,8.1890756302521
28,Netclan20241045,https://insights.blackcoffer.com/efficient-coach-allocation-system-for-sports-coaching-organization/,8,6,0.14285713265306196,0.03317535537162238,11.285714285714286,0.4810126582278481,4.7066907775768545,11.285714285714286,114,237,2.6375545851528384,1,7.675105485232067
29,Netclan20241046,https://insights.blackcoffer.com/data-studio-dashboard-with-a-data-pipeline-tool-synced-with-podio-using-custom-webhooks-and-google-cloud-function-2/,3,6,-0.33333329629630043,0.022613065269816417,11.736842105263158,0.484304932735426,4.888458815199434,11.736842105263158,108,223,2.689814814814815,1,7.367713004484305
30,Netclan20241047,https://insights.blackcoffer.com/ai-driven-backend-for-audio-to-text-conversion-and-analytical-assessment-in-pharmaceutical-practice/,1,2,-0.33333322222225925,0.012931034427021404,7.428571428571429,0.4807692307692308,3.163736263736264,7.428571428571429,50,104,3.101010101010101,1,10.125
31,Netclan20241048,https://insights.blackcoffer.com/cloud-based-web-application-for-financial-data-processing-and-visualization-of-sp-500-metrics/,12,2,0.7142856632653098,0.03562340957856639,10.473684210526315,0.48743718592964824,4.384448558582386,10.473684210526315,97,199,2.99468085106383,1,8.78894472361809
32,Netclan20241049,https://insights.blackcoffer.com/department-wise-kpi-tracking-dashboard-with-technician-performance-analysis-for-atoz-dependable-service/,5,3,0.24999996875000394,0.02056555264636105,11.31578947368421,0.413953488372093,4.691897184822522,11.31578947368421,89,214,2.681159420289855,1,8.219626168224298
33,Netclan20241050,https://insights.blackcoffer.com/steps-to-convert-a-node-js-api-to-python-for-aws-lambda-deployment/,3,1,0.49999987500003124,0.013114754055361463,9.529411764705882,0.4074074074074074,3.9747276688453157,9.529411764705882,66,162,2.3419354838709676,1,6.814814814814815
34,Netclan20241051,https://insights.blackcoffer.com/building-an-analytics-dashboard-with-a-pdf-parsing-pipeline-for-data-extraction/,1,1,0.0,0.00896860982525287,12.125,0.4845360824742268,5.0438144329896915,12.125,47,97,2.6741573033707864,1,7.556701030927835
35,Netclan20241052,https://insights.blackcoffer.com/building-a-real-time-log-file-visualization-dashboard-in-kibana/,3,1,0.49999987500003124,0.012578616312645861,7.875,0.49206349206349204,3.346825396825397,7.875,62,126,2.7478991596638656,1,7.531746031746032
36,Netclan20241053,https://insights.blackcoffer.com/analyzing-the-impact-of-female-ceo-appointments-on-company-stock-prices/,1,3,-0.49999987500003124,0.010723860561062035,17.3,0.5028901734104047,7.121156069364162,17.3,87,173,2.7515151515151515,2,7.658959537572255
37,Netclan20241054,https://insights.blackcoffer.com/ai-chatbot-using-llm-langchain-llama/,0,1,-0.9999990000010001,0.010869565099243857,24.0,0.375,9.75,24.0,9,24,2.5217391304347827,0,6.833333333333333
38,Netclan20241055,https://insights.blackcoffer.com/healthcare-ai-chatbot-using-llama-llm-langchain/,4,1,0.599999880000024,0.01694915248491813,21.5,0.4573643410852713,8.782945736434108,21.5,59,129,2.6260162601626016,0,6.821705426356589
39,Netclan20241056,https://insights.blackcoffer.com/ai-bot-audio-to-audio/,0,1,-0.9999990000010001,0.011235954929933092,22.0,0.45454545454545453,8.981818181818182,22.0,10,22,2.6363636363636362,0,6.7272727272727275
40,Netclan20241057,https://insights.blackcoffer.com/recommendation-engine-for-insurance-sector-to-expand-business-in-the-rural-area/,5,2,0.4285713673469475,0.02928870280632342,22.8,0.4824561403508772,9.312982456140352,22.8,55,113,2.6272727272727274,1,7.230088495575221
41,Netclan20241058,https://insights.blackcoffer.com/data-from-crm-via-zapier-to-google-sheets-dynamic-to-powerbi/,6,2,0.4999999375000079,0.03305785110306673,10.083333333333334,0.33884297520661155,4.168870523415978,10.083333333333334,41,120,2.5652173913043477,3,7.625
42,Netclan20241059,https://insights.blackcoffer.com/data-warehouse-to-google-data-studio-looker-dashboard/,4,2,0.33333327777778704,0.022304832630837053,9.428571428571429,0.4318181818181818,3.944155844155844,9.428571428571429,57,131,2.7906976744186047,6,8.259541984732824
43,Netclan20241060,https://insights.blackcoffer.com/crm-monday-com-via-zapier-to-power-bi-dashboard/,8,4,0.3333333055555579,0.04938271584616166,8.642857142857142,0.35537190082644626,3.5992916174734355,8.642857142857142,43,120,2.6052631578947367,7,7.725
44,Netclan20241061,https://insights.blackcoffer.com/monday-com-to-kpi-dashboard-to-manage-view-and-generate-insights-from-the-crm-data/,7,7,0.0,0.051094890324471204,8.105263157894736,0.35714285714285715,3.384962406015038,8.105263157894736,55,151,2.4113475177304964,3,7.1655629139072845
45,Netclan20241062,https://insights.blackcoffer.com/data-management-for-a-political-saas-application/,3,4,-0.1428571224489825,0.02583025820726842,10.76923076923077,0.44285714285714284,4.484835164835165,10.76923076923077,62,139,2.6666666666666665,1,7.9640287769784175
46,Netclan20241063,https://insights.blackcoffer.com/google-lsa-ads-google-local-service-ads-etl-tools-and-dashboards/,4,2,0.33333327777778704,0.021978021897516402,15.11111111111111,0.4485294117647059,6.223856209150327,15.11111111111111,61,135,2.5303030303030303,1,7.7555555555555555
47,Netclan20241064,https://insights.blackcoffer.com/ad-networks-marketing-campaign-data-dashboard-in-looker-google-data-studio/,3,2,0.199999960000008,0.020661156939416708,15.0,0.42857142857142855,6.171428571428572,15.0,45,104,2.8217821782178216,1,8.875
48,Netclan20241065,https://insights.blackcoffer.com/analytical-solution-for-a-tech-firm/,3,2,0.199999960000008,0.02475247512498775,7.3,0.3972602739726027,3.0789041095890415,7.3,29,72,3.085714285714286,1,10.458333333333334
49,Netclan20241066,https://insights.blackcoffer.com/ai-solution-for-a-technology-information-and-internet-firm/,4,2,0.33333327777778704,0.026200873248031123,13.285714285714286,0.4731182795698925,5.503533026113672,13.285714285714286,44,92,2.8620689655172415,1,8.684782608695652
50,Netclan20241067,https://insights.blackcoffer.com/ai-and-nlp-based-solutions-to-automate-data-discovery-for-venture-capital-and-private-equity-principals/,5,3,0.24999996875000394,0.030418250834911596,16.428571428571427,0.5217391304347826,6.780124223602484,16.428571428571427,60,114,2.790909090909091,1,8.62280701754386
51,Netclan20241068,https://insights.blackcoffer.com/an-etl-solution-for-an-internet-publishing-firm/,7,2,0.5555554938271674,0.03629032243431322,13.333333333333334,0.4,5.493333333333334,13.333333333333334,48,119,2.5555555555555554,4,8.008403361344538
52,Netclan20241069,https://insights.blackcoffer.com/ai-based-algorithmic-trading-bot-for-forex/,3,2,0.199999960000008,0.024630541750588465,15.6,0.38461538461538464,6.393846153846154,15.6,30,77,2.36,1,6.896103896103896
53,Netclan20241070,https://insights.blackcoffer.com/equity-waterfalls-model-based-saas-application-for-real-estate-sector/,3,2,0.199999960000008,0.02336448587212857,12.142857142857142,0.49411764705882355,5.054789915966387,12.142857142857142,42,84,3.0365853658536586,1,9.357142857142858
54,Netclan20241071,https://insights.blackcoffer.com/ai-solutions-for-foreign-exchange-an-automated-algo-trading-tool/,6,4,0.19999998000000202,0.025188916813126155,15.125,0.3884297520661157,6.205371900826447,15.125,94,241,2.4910714285714284,3,7.319502074688796
55,Netclan20241072,https://insights.blackcoffer.com/ai-agent-development-and-deployment-in-jina-ai/,8,3,0.4545454132231443,0.044897959000416494,12.444444444444445,0.4732142857142857,5.167063492063493,12.444444444444445,53,111,2.81651376146789,2,8.477477477477477
56,Netclan20241073,https://insights.blackcoffer.com/golden-record-a-knowledge-graph-database-approach-to-unfold-discovery-using-neo4j/,8,2,0.599999940000006,0.0349650348427796,14.363636363636363,0.3987341772151899,5.904948216340621,14.363636363636363,63,157,2.296774193548387,5,6.630573248407643
57,Netclan20241074,https://insights.blackcoffer.com/advanced-ai-for-trading-automation/,4,2,0.33333327777778704,0.03278688506673833,22.0,0.42424242424242425,8.96969696969697,22.0,28,65,2.492063492063492,1,6.953846153846154
58,Netclan20241075,https://insights.blackcoffer.com/create-a-knowledge-graph-to-provide-real-time-analytics-recommendations-and-a-single-source-of-truth/,5,5,0.0,0.040983606389411446,11.1,0.5045045045045045,4.641801801801802,11.1,56,110,2.7685185185185186,1,8.545454545454545
59,Netclan20241076,https://insights.blackcoffer.com/advanced-ai-for-thermal-person-detection/,4,2,0.33333327777778704,0.029268292540154672,14.666666666666666,0.3977272727272727,6.025757575757576,14.666666666666666,35,87,2.364705882352941,2,6.609195402298851
60,Netclan20241077,https://insights.blackcoffer.com/advanced-ai-for-road-cam-threat-detection/,4,5,-0.11111109876543349,0.04522613042599934,16.6,0.39759036144578314,6.799036144578314,16.6,33,82,2.4,1,6.7073170731707314
61,Netclan20241078,https://insights.blackcoffer.com/advanced-ai-for-pedestrian-crossing-safety/,6,4,0.19999998000000202,0.045662100248118266,13.714285714285714,0.3958333333333333,5.644047619047619,13.714285714285714,38,95,2.802197802197802,1,8.631578947368421
62,Netclan20241079,https://insights.blackcoffer.com/handgun-detection-using-yolo/,4,2,0.33333327777778704,0.02941176456170704,16.6,0.4457831325301205,6.818313253012049,16.6,37,82,2.4875,1,7.0
63,Netclan20241080,https://insights.blackcoffer.com/using-graph-technology-to-create-single-customer-view/,4,8,-0.3333333055555579,0.05529953891567033,12.875,0.49514563106796117,5.348058252427185,12.875,51,102,2.55,1,6.990196078431373
64,Netclan20241081,https://insights.blackcoffer.com/car-detection-in-satellite-images/,6,2,0.4999999375000079,0.03571428555484694,9.454545454545455,0.4519230769230769,3.9625874125874128,9.454545454545455,47,102,2.4752475247524752,3,7.2745098039215685
65,Netclan20241082,https://insights.blackcoffer.com/building-a-physics-informed-neural-network-for-circuit-evaluation/,5,2,0.4285713673469475,0.032407407257373115,10.0,0.43,4.172,10.0,43,99,2.5510204081632653,2,7.585858585858586
66,Netclan20241083,https://insights.blackcoffer.com/connecting-mongodb-database-to-power-bi-dashboard-dashboard-automation/,2,1,0.33333322222225925,0.017543859546527138,15.6,0.47435897435897434,6.429743589743589,15.6,37,78,2.6,1,6.948717948717949
67,Netclan20241084,https://insights.blackcoffer.com/data-transformation/,4,1,0.599999880000024,0.029411764532871972,9.625,0.36363636363636365,3.9954545454545456,9.625,28,77,2.52,2,7.116883116883117
68,Netclan20241085,https://insights.blackcoffer.com/e-commerce-store-analysis-purchase-behavior-ad-spend-conversion-traffic-etc/,1,1,0.0,0.010928961688912778,9.25,0.4864864864864865,3.8945945945945946,9.25,36,74,3.25,1,9.68918918918919
69,Netclan20241086,https://insights.blackcoffer.com/kpi-dashboard-for-accountants/,3,1,0.49999987500003124,0.021978021857263618,13.666666666666666,0.524390243902439,5.676422764227643,13.666666666666666,43,82,3.0,1,8.963414634146341
70,Netclan20241087,https://insights.blackcoffer.com/return-on-advertising-spend-dashboard-marketing-automation-and-analytics-using-etl-and-dashboard/,5,6,-0.09090908264462885,0.02582159618351738,8.074074074074074,0.5,3.42962962962963,8.074074074074074,109,218,3.695852534562212,1,13.96788990825688
71,Netclan20241088,https://insights.blackcoffer.com/ranking-customer-behaviours-for-business-strategy/,3,2,0.199999960000008,0.024390243783462225,26.25,0.37142857142857144,10.64857142857143,26.25,39,105,2.355769230769231,1,6.523809523809524
72,Netclan20241089,https://insights.blackcoffer.com/algorithmic-trading-for-multiple-commodities-markets-like-forex-metals-energy-etc/,1,1,0.0,0.008658008620528101,12.666666666666666,0.42105263157894735,5.235087719298246,12.666666666666666,48,114,2.81981981981982,0,8.824561403508772
73,Netclan20241090,https://insights.blackcoffer.com/trading-bot-for-forex/,1,1,0.0,0.01562499987792969,37.0,0.35135135135135137,14.940540540540542,37.0,13,37,2.4166666666666665,0,6.864864864864865
74,Netclan20241091,https://insights.blackcoffer.com/python-model-for-the-analysis-of-sector-specific-stock-etfs-for-investment-purposes%ef%bf%bc/,3,1,0.49999987500003124,0.016194331918241572,10.0,0.38571428571428573,4.154285714285715,10.0,54,140,2.610294117647059,2,8.292857142857143
75,Netclan20241092,https://insights.blackcoffer.com/medical-classification/,1,1,0.0,0.013245033024867332,29.5,0.4576271186440678,11.983050847457628,29.5,27,59,2.4464285714285716,0,6.796610169491525
76,Netclan20241093,https://insights.blackcoffer.com/design-develop-bert-question-answering-model-explanations-with-visualization/,1,1,0.0,0.013333333244444445,12.25,0.5102040816326531,5.104081632653061,12.25,25,49,3.4791666666666665,0,11.653061224489797
77,Netclan20241094,https://insights.blackcoffer.com/design-and-develop-solution-to-anomaly-detection-classification-problems/,1,4,-0.599999880000024,0.028571428408163266,12.333333333333334,0.5,5.133333333333334,12.333333333333334,37,74,3.1343283582089554,0,9.567567567567568
78,Netclan20241095,https://insights.blackcoffer.com/an-etl-solution-for-currency-data-to-google-big-query/,1,2,-0.33333322222225925,0.016759776442682815,13.666666666666666,0.34146341463414637,5.603252032520325,13.666666666666666,28,82,2.246913580246914,3,6.280487804878049
79,Netclan20241096,https://insights.blackcoffer.com/etl-and-mlops-infrastructure-for-blockchain-analytics/,1,1,0.0,0.01176470581314879,26.0,0.4358974358974359,10.574358974358974,26.0,34,78,2.581081081081081,0,7.0256410256410255
80,Netclan20241097,https://insights.blackcoffer.com/an-agent-based-model-of-a-virtual-power-plant-vpp/,1,1,0.0,0.013888888792438273,13.666666666666666,0.3902439024390244,5.622764227642277,13.666666666666666,16,41,3.3076923076923075,0,12.024390243902438
81,Netclan20241098,https://insights.blackcoffer.com/transform-api-into-sdk-library-and-widget/,3,1,0.49999987500003124,0.028368794125044013,26.0,0.36538461538461536,10.546153846153848,26.0,19,51,2.36734693877551,0,6.627450980392157
82,Netclan20241099,https://insights.blackcoffer.com/integration-of-a-product-to-a-cloud-based-crm-platform/,1,1,0.0,0.01428571418367347,23.5,0.425531914893617,9.570212765957448,23.5,20,46,2.466666666666667,0,7.173913043478261
83,Netclan20241100,https://insights.blackcoffer.com/a-web-based-dashboard-for-the-filtered-data-retrieval-of-land-records/,1,1,0.0,0.014084506943066852,25.0,0.44,10.176000000000002,25.0,22,50,2.4693877551020407,0,6.68
84,Netclan20241101,https://insights.blackcoffer.com/integration-of-video-conferencing-data-to-the-existing-web-app/,1,1,0.0,0.013698630043160069,12.75,0.45098039215686275,5.280392156862746,12.75,23,51,2.64,0,7.392156862745098
85,Netclan20241102,https://insights.blackcoffer.com/design-develop-an-app-in-retool-which-shows-the-progress-of-the-added-video/,2,1,0.33333322222225925,0.020270270133308985,15.0,0.4666666666666667,6.186666666666667,15.0,21,45,3.272727272727273,0,10.444444444444445
86,Netclan20241103,https://insights.blackcoffer.com/auvik-connectwise-integration-in-grafana/,1,1,0.0,0.013698630043160069,10.25,0.5609756097560976,4.324390243902439,10.25,23,41,3.675,0,11.951219512195122
87,Netclan20241104,https://insights.blackcoffer.com/data-integration-and-big-data-performance-using-elk-stack/,1,1,0.0,0.013888888792438273,14.333333333333334,0.4883720930232558,5.928682170542636,14.333333333333334,21,43,3.4761904761904763,0,11.093023255813954
88,Netclan20241105,https://insights.blackcoffer.com/web-data-connector/,1,1,0.0,0.014184397062522006,10.0,0.5,4.2,10.0,20,40,3.4615384615384617,0,11.925
89,Netclan20241106,https://insights.blackcoffer.com/an-app-for-updating-the-email-id-of-the-user-and-stripe-refund-tool-using-retool/,2,1,0.33333322222225925,0.019607843009099065,19.333333333333332,0.43103448275862066,7.905747126436781,19.333333333333332,25,58,2.912280701754386,0,9.293103448275861
90,Netclan20241107,https://insights.blackcoffer.com/an-ai-ml-based-web-application-that-detects-the-correctness-of-text-in-a-given-video/,1,4,-0.599999880000024,0.02551020395147855,19.4,0.44329896907216493,7.937319587628865,19.4,43,97,2.557894736842105,0,8.051546391752577
91,Netclan20241108,https://insights.blackcoffer.com/website-tracking-and-insights-using-google-analytics-google-tag-manager/,2,1,0.33333322222225925,0.01785714275085034,12.8,0.546875,5.338750000000001,12.8,35,64,3.0952380952380953,0,9.6875
92,Netclan20241109,https://insights.blackcoffer.com/dashboard-to-track-the-analytics-of-the-website-using-google-analytics-and-google-tag-manager/,2,1,0.33333322222225925,0.018633540256934533,8.285714285714286,0.5,3.5142857142857147,8.285714285714286,29,58,3.1403508771929824,0,9.775862068965518
93,Netclan20241110,https://insights.blackcoffer.com/power-bi-dashboard-on-operations-transactions-and-marketing-embedding-the-dashboard-to-web-app/,1,1,0.0,0.012820512738330047,10.0,0.48,4.192,10.0,24,50,3.326530612244898,0,10.56
94,Netclan20241111,https://insights.blackcoffer.com/nft-data-automation-looksrare-and-etl-tool/,3,2,0.199999960000008,0.024630541750588465,12.625,0.36633663366336633,5.1965346534653465,12.625,37,101,2.7157894736842105,1,8.05940594059406
95,Netclan20241112,https://insights.blackcoffer.com/optimize-the-data-scraper-program-to-easily-accommodate-large-files-and-solve-oom-errors/,3,2,0.199999960000008,0.02840909074767562,10.571428571428571,0.40540540540540543,4.390733590733591,10.571428571428571,30,74,2.863013698630137,0,9.216216216216216
96,Netclan20241113,https://insights.blackcoffer.com/making-a-robust-way-to-sync-data-from-airtables-to-mongodb-using-python-etl-solution/,2,2,0.0,0.022598869928819945,10.714285714285714,0.37333333333333335,4.4350476190476185,10.714285714285714,28,75,2.7260273972602738,0,8.72
97,Netclan20241114,https://insights.blackcoffer.com/incident-duration-prediction-infrastructure-and-real-estate/,1,2,-0.33333322222225925,0.015463917446062281,11.5,0.4782608695652174,4.791304347826087,11.5,44,92,2.9318181818181817,3,8.478260869565217
98,Netclan20241115,https://insights.blackcoffer.com/statistical-data-analysis-of-reinforced-concrete/,2,1,0.33333322222225925,0.01829268281528852,11.8,0.5084745762711864,4.923389830508476,11.8,30,59,3.0526315789473686,0,9.932203389830509
99,Netclan20241116,https://insights.blackcoffer.com/database-normalization-segmentation-with-google-data-studio-dashboard-insights/,3,1,0.49999987500003124,0.02484472034257938,12.6,0.4603174603174603,5.224126984126984,12.6,29,63,2.967741935483871,0,9.126984126984127
100,Netclan20241117,https://insights.blackcoffer.com/power-bi-dashboard-to-drive-insights-from-complex-data-to-generate-business-insights/,2,2,0.0,0.022471909986112867,13.166666666666666,0.34177215189873417,5.40337552742616,13.166666666666666,27,79,2.5753424657534247,2,8.126582278481013
101,Netclan20241118,https://insights.blackcoffer.com/real-time-dashboard-to-monitor-infrastructure-activity-and-machines/,1,1,0.0,0.013986013888209694,14.666666666666666,0.5227272727272727,6.075757575757576,14.666666666666666,23,44,3.395348837209302,0,10.727272727272727
102,Netclan20241119,https://insights.blackcoffer.com/electric-vehicles-ev-load-management-system-to-forecast-energy-demand/,1,2,-0.33333322222225925,0.01522842631863743,13.0,0.3956043956043956,5.358241758241759,13.0,36,91,2.7241379310344827,2,8.098901098901099
103,Netclan20241120,https://insights.blackcoffer.com/power-bi-data-driven-map-dashboard/,1,1,0.0,0.014388489105118784,13.0,0.46153846153846156,5.384615384615385,13.0,18,39,3.210526315789474,0,10.820512820512821
104,Netclan20241121,https://insights.blackcoffer.com/google-local-service-ads-lsa-leads-dashboard/,2,1,0.33333322222225925,0.019736841975415514,20.666666666666668,0.46774193548387094,8.453763440860216,20.666666666666668,29,62,2.5737704918032787,0,6.790322580645161
105,Netclan20241122,https://insights.blackcoffer.com/aws-lex-voice-and-chatbot/,3,1,0.49999987500003124,0.018181818099173554,19.333333333333332,0.3275862068965517,7.864367816091954,19.333333333333332,38,116,2.1842105263157894,1,6.146551724137931
106,Netclan20241123,https://insights.blackcoffer.com/metabridges-api-decentraland-integration/,1,1,0.0,0.01360544208431672,50.0,0.42,20.168000000000003,50.0,21,50,2.5434782608695654,0,6.5
107,Netclan20241124,https://insights.blackcoffer.com/microsoft-azure-chatbot-with-luis-language-understanding/,3,1,0.49999987500003124,0.02469135787227557,12.4,0.46774193548387094,5.147096774193549,12.4,29,62,3.216666666666667,0,9.209677419354838
108,Netclan20241125,https://insights.blackcoffer.com/impact-of-news-media-and-press-on-innovation-startups-and-investments/,3,1,0.49999987500003124,0.023255813818280152,11.666666666666666,0.4,4.826666666666667,11.666666666666666,28,70,2.8208955223880596,0,8.571428571428571
109,Netclan20241126,https://insights.blackcoffer.com/aws-quicksight-reporting-dashboard/,8,3,0.4545454132231443,0.04932735403889079,11.727272727272727,0.35658914728682173,4.83354474982382,11.727272727272727,46,129,2.5793650793650795,2,7.682170542635659
110,Netclan20241127,https://insights.blackcoffer.com/google-data-studio-dashboard-for-marketing-ads-and-traction-data/,1,1,0.0,0.013333333244444445,7.375,0.4576271186440678,3.133050847457627,7.375,27,59,3.3389830508474576,0,10.94915254237288
111,Netclan20241128,https://insights.blackcoffer.com/gangala-in-e-commerce-big-data-etl-elt-solution-and-data-warehouse/,2,2,0.0,0.02234636859024375,11.142857142857142,0.4230769230769231,4.626373626373627,11.142857142857142,33,78,2.5064935064935066,0,6.538461538461538
112,Netclan20241129,https://insights.blackcoffer.com/big-data-solution-to-an-online-multivendor-marketplace-ecommerce-business/,3,1,0.49999987500003124,0.01932367140423347,13.875,0.45045045045045046,5.730180180180181,13.875,50,109,2.779816513761468,1,8.073394495412844
113,Netclan20241130,https://insights.blackcoffer.com/creating-a-custom-report-and-dashboard-using-the-data-got-from-atera-api/,1,1,0.0,0.014492753518168453,15.0,0.4666666666666667,6.186666666666667,15.0,21,45,2.8863636363636362,0,8.044444444444444
114,Netclan20241131,https://insights.blackcoffer.com/azure-data-lake-and-power-bi-dashboard/,2,1,0.33333322222225925,0.023076922899408287,10.6,0.4339622641509434,4.413584905660378,10.6,23,53,2.943396226415094,0,8.018867924528301
115,Netclan20241132,https://insights.blackcoffer.com/google-data-studio-pipeline-with-gcp-mysql/,1,1,0.0,0.014814814705075447,41.0,0.5121951219512195,16.60487804878049,41.0,21,41,2.717948717948718,0,7.097560975609756
116,Netclan20241133,https://insights.blackcoffer.com/quickbooks-dashboard-to-find-patterns-in-finance-sales-and-forecasts/,1,1,0.0,0.014184397062522006,46.0,0.5,18.6,46.0,23,46,2.533333333333333,0,7.065217391304348
117,Netclan20241134,https://insights.blackcoffer.com/marketing-sales-and-financial-data-business-dashboard-wink-report/,1,1,0.0,0.011627906909140076,16.0,0.546875,6.61875,16.0,35,64,3.0,0,9.328125
118,Netclan20241135,https://insights.blackcoffer.com/react-native-apps-in-the-development-portfolio/,0,1,-0.9999990000010001,0.011111110987654323,23.0,0.4782608695652174,9.391304347826088,23.0,11,23,2.652173913043478,0,7.304347826086956
119,Netclan20241136,https://insights.blackcoffer.com/a-leading-firm-website-seo-optimization/,3,1,0.49999987500003124,0.027972027776419387,24.5,0.5306122448979592,10.012244897959185,24.5,26,49,2.625,0,7.0
120,Netclan20241137,https://insights.blackcoffer.com/a-leading-hospitality-firm-in-the-usa-website-seo-optimization/,3,1,0.49999987500003124,0.026490066049734664,7.833333333333333,0.5106382978723404,3.3375886524822698,7.833333333333333,24,47,3.217391304347826,0,10.659574468085106
121,Netclan20241138,https://insights.blackcoffer.com/a-leading-firm-in-the-usa-website-seo-optimization/,2,1,0.33333322222225925,0.02272727255509642,40.0,0.45,16.180000000000003,40.0,18,40,2.58974358974359,0,7.025
122,Netclan20241139,https://insights.blackcoffer.com/a-leading-musical-instrumental-website-seo-optimization/,4,1,0.599999880000024,0.03649635009856679,22.0,0.5681818181818182,9.027272727272727,22.0,25,44,2.697674418604651,0,7.295454545454546
123,Netclan20241140,https://insights.blackcoffer.com/a-leading-firm-in-the-usa-seo-and-website-optimization/,3,1,0.49999987500003124,0.027397260086320138,11.25,0.5333333333333333,4.713333333333334,11.25,24,45,3.2954545454545454,0,10.6
124,Netclan20241141,https://insights.blackcoffer.com/immigration-datawarehouse-ai-based-recommendations/,5,1,0.6666665555555741,0.03846153821499014,11.6,0.41379310344827586,4.80551724137931,11.6,24,58,3.1923076923076925,0,9.241379310344827
125,Netclan20241142,https://insights.blackcoffer.com/lipsync-automation-for-celebrities-and-influencers/,1,1,0.0,0.011904761833900228,7.777777777777778,0.4857142857142857,3.305396825396825,7.777777777777778,34,70,3.1846153846153844,1,9.714285714285714
126,Netclan20241143,https://insights.blackcoffer.com/key-audit-matters-predictive-modeling/,2,1,0.33333322222225925,0.019999999866666666,30.0,0.5,12.200000000000001,30.0,30,60,2.586206896551724,1,6.766666666666667
127,Netclan20241144,https://insights.blackcoffer.com/splitting-of-songs-into-its-vocals-and-instrumental/,2,2,0.0,0.02666666648888889,10.2,0.4117647058823529,4.2447058823529416,10.2,21,51,3.04,1,10.098039215686274
128,Netclan20241145,https://insights.blackcoffer.com/ai-and-ml-technologies-to-evaluate-learning-assessments/,5,2,0.4285713673469475,0.031111110972839508,12.444444444444445,0.5267857142857143,5.188492063492063,12.444444444444445,59,110,2.9454545454545453,3,8.581818181818182
129,Netclan20241146,https://insights.blackcoffer.com/datawarehouse-and-recommendations-engine-for-airbnb/,3,1,0.49999987500003124,0.02580645144640999,13.0,0.40384615384615385,5.361538461538462,13.0,21,52,2.9411764705882355,1,10.057692307692308
130,Netclan20241147,https://insights.blackcoffer.com/real-estate-data-warehouse/,2,1,0.33333322222225925,0.017045454448605373,12.5,0.41333333333333333,5.165333333333334,12.5,31,75,2.8378378378378377,0,8.706666666666667
131,Netclan20241148,https://insights.blackcoffer.com/traction-dashboards-of-marketing-campaigns-and-posts/,2,1,0.33333322222225925,0.019736841975415514,13.25,0.4528301886792453,5.481132075471699,13.25,24,53,3.0384615384615383,0,9.962264150943396
132,Netclan20241149,https://insights.blackcoffer.com/google-local-service-ads-lsa-data-warehouse/,1,1,0.0,0.01470588224480969,46.0,0.43478260869565216,18.57391304347826,46.0,20,46,2.422222222222222,0,6.521739130434782
133,Netclan20241150,https://insights.blackcoffer.com/google-local-service-ads-missed-calls-and-messages-automation-tool/,1,2,-0.33333322222225925,0.02097902083231454,26.0,0.4230769230769231,10.56923076923077,26.0,22,52,2.46,0,6.461538461538462
134,Netclan20241151,https://insights.blackcoffer.com/marketing-ads-leads-call-status-data-tool-to-bigquery/,2,1,0.33333322222225925,0.02222222205761317,23.0,0.41304347826086957,9.365217391304348,23.0,19,46,2.4444444444444446,0,6.543478260869565
135,Netclan20241152,https://insights.blackcoffer.com/marketing-analytics-to-automate-leads-call-status-and-reporting/,2,1,0.33333322222225925,0.022388059534417467,22.5,0.4666666666666667,9.186666666666666,22.5,21,45,2.5681818181818183,0,6.844444444444444
136,Netclan20241153,https://insights.blackcoffer.com/callrail-analytics-leads-report-alert/,2,1,0.33333322222225925,0.022388059534417467,21.5,0.4418604651162791,8.776744186046512,21.5,19,43,2.5238095238095237,0,6.767441860465116
137,Netclan20241154,https://insights.blackcoffer.com/marketing-automation-tool-to-notify-lead-details-to-clients-over-email-and-phone/,2,1,0.33333322222225925,0.020689655029726518,17.666666666666668,0.41509433962264153,7.232704402515724,17.666666666666668,22,53,2.4423076923076925,0,6.7924528301886795
138,Netclan20241155,https://insights.blackcoffer.com/data-etl-local-service-ads-leads-to-bigquery/,2,1,0.33333322222225925,0.020547945064740104,17.666666666666668,0.4528301886792453,7.247798742138366,17.666666666666668,24,53,2.480769230769231,0,6.754716981132075
139,Netclan20241156,https://insights.blackcoffer.com/marbles-stimulation-using-python/,1,1,0.0,0.014492753518168453,13.666666666666666,0.4146341463414634,5.632520325203252,13.666666666666666,17,41,3.1,0,10.853658536585366
140,Netclan20241157,https://insights.blackcoffer.com/stocktwits-data-structurization/,2,1,0.33333322222225925,0.020134228052790415,12.0,0.4583333333333333,4.983333333333334,12.0,22,48,3.0638297872340425,0,10.354166666666666
141,Netclan20241158,https://insights.blackcoffer.com/sentimental-analysis-on-shareholder-letter-of-companies/,1,1,0.0,0.014084506943066852,10.5,0.5476190476190477,4.419047619047619,10.5,23,41,3.3658536585365852,0,11.341463414634147
142,Netclan20241159,https://insights.blackcoffer.com/population-and-community-survey-of-america/,1,1,0.0,0.013888888792438273,14.333333333333334,0.5348837209302325,5.947286821705426,14.333333333333334,23,43,3.5853658536585367,0,10.720930232558139
143,Netclan20241160,https://insights.blackcoffer.com/google-lsa-api-data-automation-and-dashboarding/,1,1,0.0,0.014388489105118784,45.0,0.4888888888888889,18.195555555555554,45.0,22,45,2.6511627906976742,0,6.888888888888889
144,Netclan20241161,https://insights.blackcoffer.com/healthcare-data-analysis/,1,1,0.0,0.013986013888209694,6.666666666666667,0.525,2.876666666666667,6.666666666666667,21,40,3.8461538461538463,0,12.8
145,Netclan20241162,https://insights.blackcoffer.com/budget-sales-kpi-dashboard-using-power-bi/,0,1,-0.9999990000010001,0.010869565099243857,25.0,0.36,10.144,25.0,9,25,2.36,0,6.72
146,Netclan20241163,https://insights.blackcoffer.com/amazon-buy-bot-an-automation-ai-tool-to-auto-checkouts/,2,1,0.33333322222225925,0.020270270133308985,9.6,0.4166666666666667,4.006666666666667,9.6,20,48,2.702127659574468,0,7.833333333333333
