{
    "Title": "An AI ML-based web application that detects the correctness of text in a given video",
    "Client Background": {
        "Client": "A Design & Media firm in the USA",
        "Industry Type": "Marketing",
        "Services": "Consulting, Software, Marketing Solutions",
        "Organization Size": "100+"
    },
    "The Problem": "",
    "Our Solution": "We have created a python web application with Django framework when user uploads the video the application run keras-ocr model on each frame of the video and keep the count of the wrong words at the end it provides the video with the bounding box around the words. For correct words it creates green bounding box and for wrong words it creates red bounding box and also it provides the summation of count of wrong words.",
    "Solution Architecture": "",
    "Deliverables": [],
    "Tech Stack": {},
    "Project Snapshots": {
        "": [
            "https://lh5.googleusercontent.com/Rufm07oLMNDSCXkqSp3iQGqpyJW4K-1UqgAEzeggJws6l89SB6hf0kl43KxICrUpZ7m5BoSjqFqR0bgZFEP_zFtJlcrdgDhETHC7fdUlXIF7pw3K7lzKEZ-OyBjhM44T1axzf33pjqMd7043zA"
        ]
    },
    "Project website url": "Website Tracking and Insights using Google Analytics, & Google Tag Manager",
    "Summarize": "",
    "Contact Details": []
}