{
    "Title": "Design & develop an app in retool which shows the progress of the added video",
    "Client Background": {
        "Client": "A Leading Tech Firm in the USA",
        "Industry Type": "IT & Consulting",
        "Services": "Software, Business Solutions, Consulting",
        "Organization Size": "200+"
    },
    "The Problem": "",
    "Our Solution": "App in retool",
    "Solution Architecture": "",
    "Deliverables": [],
    "Tech Stack": {},
    "Project Snapshots": {
        "": [
            "https://lh4.googleusercontent.com/Gnms7jpN-DxapSx4MO1Za85Hf2ov6re3gCw9YxkIlAuFpPtw-YA8fYelRIi1pYqK8UC7O_NkXBeZsOLR7agYsRWX2syjpfNtN82N36CJh3t5nXvGAvx4DOy-FjZuvOCBVAUEIh3sS17LzAUi7ilIpA"
        ]
    },
    "Project website url": "",
    "Summarize": "",
    "Contact Details": []
}