{
    "Title": "Amazon Buy Bot, an Automation AI tool to Auto-Checkouts",
    "Client Background": {
        "Client": "A leading consulting firm in the USA",
        "Industry Type": "Consulting",
        "Services": "Management consultant",
        "Organization Size": "100+"
    },
    "The Problem": "",
    "Our Solution": "A simple python code which uses selenium web driver to do all work.",
    "Solution Architecture": "",
    "Deliverables": [],
    "Tech Stack": {},
    "Project Snapshots": {
        "": [
            "https://insights.blackcoffer.com/wp-content/uploads/2021/06/5-5-1024x485.png"
        ]
    },
    "Project website url": "",
    "Summarize": "",
    "Contact Details": []
}