{
    "Title": "NFT Data Automation (looksrare), and ETL tool",
    "Client Background": {
        "Client": "A leading tech firm in the USA",
        "Industry Type": "IT Services",
        "Services": "Blockchain, NFT",
        "Organization Size": "10+"
    },
    "The Problem": "",
    "Our Solution": "We provided a robust solution which returned the NFT data every 8 hours into the google big query database. To do this we used selenium web driver to scrape all events as the website was dynamic and did not have a format data structure to scrape data using AJAX POST calls. After automating the scarper the data was manipulated and constructed into a desired format into pandas dataframe, which was later used to push the dataframe into the google big query database using Google cloud api and credentials. The data was getting collected every day and about 50M distinct rows were created.",
    "Solution Architecture": "",
    "Deliverables": [],
    "Tech Stack": {},
    "Project Snapshots": {
        "": [
            "https://lh4.googleusercontent.com/11g0gKObHScbzhqY6435AbQS_hBHmZhQEcxFe5xMTT5e7c0xrPi9Iks2P_CFUXKStf27qH6GnudKMNLsztTFo3hg2vEpRB792FXilfe0JGvOxcQG1tRYwwlAhuJ8lFcLbVSdPGAk2J6EQ8JUhg"
        ]
    },
    "Project website url": "https://looksrare.org/explore/activity",
    "Summarize": "",
    "Contact Details": []
}