{
    "Title": "Return on Advertising Spend Dashboard: Marketing Automation and Analytics using ETL and Dashboard",
    "Client Background": {
        "Client": "A leading ad firm in India",
        "Industry Type": "Ads",
        "Services": "Ads, Marketing, and Promotions",
        "Organization Size": "100+"
    },
    "The Problem": "The main problem that was addressed in this project was the manual calculation of Return on Advertising Spend (ROAS) due to the lack of a centralized platform for running ads. The client’s ads were spread across multiple revenue generating platforms, including Google Adsense, Adx, and Ezoic, while the spending was managed through the Google Ads Platform. At that time, the client lacked a centralized dashboard or website that could effectively calculate ROAS by integrating revenue and cost streams. This fragmentation made it challenging for the client to track and evaluate the effectiveness of their advertising campaigns. Therefore, a comprehensive solution was developed and implemented, providing a centralized platform for calculating ROAS, aligning revenue and cost data from various sources, and enabling informed decision-making regarding advertising investments.",
    "Our Solution": "We developed a comprehensive solution to address the challenges faced by the client in calculating Return on Advertising Spend (ROAS) and centralizing their advertising data. The solution involved collecting data from four different APIs: Google Ads API for spending data, Google Adsense API, Ad Manager API, and Ezoic data for revenue data. To ensure compatibility, we utilized an Extract, Transform, Load (ETL) tool to convert the data received from each API, which was in different formats, into a standardized format storing them Pandas Dataframe for both revenue and spending data.",
    "Solution Architecture": "",
    "Deliverables": [],
    "Tech Stack": {},
    "Project Snapshots": {
        "Login Screen": [
            "https://lh6.googleusercontent.com/FegzbwqHe4E_zsINs-s5NuZuMRjl2JnSaEFaCbABuF1Ql_-6DBNTT8XtwZxJmuW9UvmA4iCe-zKPiK45MHej0GyIlIpra5xtQsgANuCmuQA3yiZrozFhv1n46cRskk_g9JKYGVQDgzbsHEolhCB28g"
        ],
        "Landing page with first selected campaign in the list:": [
            "https://lh3.googleusercontent.com/3lYRkwdrf_RQwOiHq9094Hkz6OH0U90RP2w0ynx3n25mG_GH3ahxSoXW_bYBBPs4P7pxBdQgWj1HQBK71XXPcQrwsFqBJF8IX-QnApKZmsUWOSxFqlFahpaAXLH4I3AglYrW_BmSsz__t-_TMLRIoQ"
        ],
        "Using Date Picker": [
            "https://lh3.googleusercontent.com/-oS6fNCvxzoHzzK_dBBMNc4VlyBJlbErBU6GaLNUAtTFW-ycDAkNF-QlNg2blYdfhld5kSLL5jWw_mTrBiG8djfPDGOAzbK1EZeEVDzG36ZY8HrzqI7voV5gn7SIDnG90aVddB3yPZUFpLsH8101PA"
        ],
        "Search Functionality": [
            "https://lh3.googleusercontent.com/Ct2I1OWw3xmDou6lLZ13yC8TAUyQlMJobE43_bJANfQo1rLcE4rIAPkPMw0q-1WFMGt-ZmVRHzvvzcen9GYYExX-SQLdvxQ5kj6ZjYOfxfbYluHZl6TsTVO1hSgTZnJ032-iN8k3tDtlekIjz3IZwg"
        ],
        "Revenue Breakdown by Platform": [
            "https://lh3.googleusercontent.com/75Y8N3fz2pJtZRkIzxUaAozrxQI99h4-8qsT0EhOlL7Ocwnni-HXQZeo96HpE2RiHlYwMnzOhcd1Im2-m61dLexGCKUnmaJaQlBcA0gGFNBAoW4_8wQF9t6ymczo2Pot8Fx_wdr2UwdB6yh79srpBQ"
        ],
        "Show/Hide Left Sidebar": [
            "https://lh6.googleusercontent.com/nvVl9oT6yMLyCJtgbSt7m2ERMU3poW9F5DpyYV7Ri6XMfU3LSewn_upcBNUMT7sQ-RhnTuzpQmFdtbGWrPIm0CrP--T-eKU1jwKxG7TDoKt0s-XIAHK-bVqz4JRzF-cQrV4bD2WysTusJePc6Mo1mg"
        ],
        "Switching Site’s theme to Light Mode": [
            "https://lh6.googleusercontent.com/WM7Mpu9VZR9Bz0Rthmj19eReGscSG_YAYC9jQSrlE-BRcnM4s7u9wOQVWkIYpRWMseFA0Q1O9CyqqWrFOeqefqZ6FZJXOoEJz9HJOV8hBl7kXySh6MWFGT1BRWnZX5yrk1XKs5KGJHhRi_gJUm-yJw"
        ],
        "Settings/Log Out Menu": [
            "https://lh6.googleusercontent.com/khQsb1c8bHYF0MSWxS5eycgtIr4kxd2AkdcEAl_vs6TE6-6JuIKgz9K8KlLMjvewnoWdoHjTv5tg1Rssu9r0rHu9BFDFjZFk4crdLqyRgVWe5XmGEXWc1gqmmJ3EN_5uXtBlY71KO_jM8yMXToI6Ig"
        ],
        "Change Email/Password": [
            "https://lh3.googleusercontent.com/JI9RE-gpQHrcKsu-Fwzbm_co7H51YNH-iDpufR__205l0DUgX25FQyHJOK9EvRb6uJfzQLESqXsCWl4zlz8BGBpZs59GNZ28abAJyt8_6FHfZx1du6rGzicJb4F7NCmUdNuOyT41d3TBmrJw6aLt8g"
        ]
    },
    "Project website url": "",
    "Summarize": "",
    "Contact Details": []
}