{
    "Title": "Integration of video-conferencing data to the existing web app",
    "Client Background": {
        "Client": "A Leading Tech Firm in the USA",
        "Industry Type": "IT & Consulting",
        "Services": "Software, Business Solutions, Consulting",
        "Organization Size": "200+"
    },
    "The Problem": "",
    "Our Solution": "Using APIs fetched data from different platform and rendered data into client’s application.",
    "Solution Architecture": "",
    "Deliverables": [],
    "Tech Stack": {},
    "Project Snapshots": {},
    "Project website url": "https://www.codanalytics.net/",
    "Summarize": "",
    "Contact Details": []
}