{
    "Title": "AWS Lex Voice and Chatbot",
    "Client Background": {
        "Client": "A leading tech firm in USA",
        "Industry Type": "IT",
        "Services": "eCommerce",
        "Organization Size": "40+"
    },
    "The Problem": "",
    "Our Solution": "We have created aws lex intents and lambda functions for all bookings. Intents manage front ends like utterances (user can ask to the bot) and slots (bot replies with relevant questions). Lambda functions manage backend parts like which intent should be triggered if the user says “ book a flight” or “book a hotel” or “book a car”. For search results we have used some external APIs like Amadeus for flight, sabre for hotels and blablacar for car booking.  We have modified search results by using Data Analytics (for getting the cheapest and good star flight and hotel), Machine learning (for getting user’s preferences by analyzing user’s history) and NLP (Differentiate search results by text analysis) techniques so users can get the best search results.",
    "Solution Architecture": "",
    "Deliverables": [],
    "Tech Stack": {},
    "Project Snapshots": {},
    "Project website url": "",
    "Summarize": "",
    "Contact Details": []
}