{
    "Title": "Population and Community Survey of America",
    "Client Background": {
        "Client": "A leading marketing firm in the USA",
        "Industry Type": "Marketing services & Consulting",
        "Services": "Marketing consultant",
        "Organization Size": "100+"
    },
    "The Problem": "",
    "Our Solution": "Module 1: Data Abstraction",
    "Solution Architecture": "",
    "Deliverables": [],
    "Tech Stack": {},
    "Project Snapshots": {
        "": [
            "https://lh3.googleusercontent.com/niP9gFA2AnfBugbeSbtbx0Q7kGEKinjMJslwzF4YIeAnUWKU_H4XmRniuAR-AMQRH9oXuaMHgjoiAs5xaz7FPz72bS-f8IUwpv5JnZGC5hr1KoD9oZkQz-AuDguja8xpY96yF5g"
        ]
    },
    "Project website url": "",
    "Summarize": "",
    "Contact Details": []
}