{
    "Title": "PowerBI REST API – Fetching Dataflow and Refresh Schedules with semantic models",
    "Client Background": {
        "Client": "A leading IT & tech firm in the USA",
        "Industry Type": "IT",
        "Products & Services": "IT Consulting, IT Support, SaaS",
        "Organization Size": "200+"
    },
    "The Problem": "Our client, a large enterprise, faced significant challenges in managing their Power BI dataflows, datasets, and refresh schedules across multiple workspaces. The manual processes were time-consuming, error-prone, and lacked real-time monitoring capabilities. They needed an automated solution to streamline these tasks, ensure data accuracy, and improve overall efficiency.",
    "Our Solution": "We developed an automated system using Python that integrated with the Power BI API to manage and monitor dataflows, datasets, and their refresh schedules. The solution provided a comprehensive overview of all workspaces, datasets, and dataflows, including detailed transaction data and refresh schedules. This system allowed the client to efficiently track and manage their Power BI environment, reducing manual effort and improving data reliability.",
    "Solution Architecture": "",
    "Deliverables": [],
    "Tech Stack": {
        "Python": [],
        "Power BI API": [],
        "MSAL": [],
        "Pandas": [],
        "Requests": [],
        "Openpyxl": []
    },
    "Project Snapshots": {
        "": [
            "https://lh7-rt.googleusercontent.com/docsz/AD_4nXc8kcq5nNR2CU6KdH32WkuzJksKT0QKsc-Ov6GbsNijDgzGX8qUiPipFSCTd1GHYb98NAs-kQsCSkHCB9Erf7-fuH4mihgDly-mLQoYwkhAYdfUeQEOs3RyxXwxPK04iYnisoI-EuI04S7LAUmNYpaJOITfVcpJrC8LqNVThGzdpwAveEsRSVg?key=Jrq9eJTq91uracN8LBgE7g"
        ]
    },
    "Project website url": "https://colab.research.google.com/drive/1lcsMt9v8_apAwuhxCqsNkrOgrVTdnWjO?usp=sharing",
    "Summarize": "Summarized: https://blackcoffer.com/ This project was done by the Blackcoffer Team, a Global IT Consulting firm.",
    "Contact Details": [
        "This solution was designed and developed by Blackcoffer TeamHere are my contact details:Firm Name: Blackcoffer Pvt. Ltd.Firm Website: www.blackcoffer.comFirm Address: 4/2, E-Extension, Shaym Vihar Phase 1, New Delhi 110043Email: ajay@blackcoffer.comSkype: asbidyarthyWhatsApp: +91 9717367468Telegram: @asbidyarthy"
    ]
}