{
    "Title": "Traction Dashboards of Marketing Campaigns and Posts",
    "Client Background": {
        "Client": "A leading Marketing firm in the USA",
        "Industry Type": "Marketing",
        "Services": "Marketing consulting",
        "Organization Size": "100+"
    },
    "The Problem": "",
    "Our Solution": "Data Driven Dashboards which will give the summary of Most used words, keywords, Phrases and also Analysis of Posts as per their interaction with their audience.",
    "Solution Architecture": "",
    "Deliverables": [],
    "Tech Stack": {},
    "Project Snapshots": {
        "": [
            "https://lh5.googleusercontent.com/vQkZJ7f92_XpY86ry04VoK8a9EeRQOOvpNiiJHCxAxi2ui0dfoGQzm8pJW25XdCxiMewkSzoEiH8pKKR98Wkowk-1WOPyz_DVc14kq6_WSZysAposydCDLhk0Gd5Rx5GhAtpFZU=s0"
        ]
    },
    "Project website url": "",
    "Summarize": "",
    "Contact Details": []
}