{
    "Title": "Using Graph Technology to Create Single Customer View.",
    "Client Background": {
        "Client": "A leading retail firm in Newzealand",
        "Industry Type": "Retail",
        "Services": "Retail business",
        "Organization Size": "100+"
    },
    "The Problem": "Companies face issue of having a Single customer under various rows with slightly different information in the same database. This causes unwanted duplication and inaccurate statistics. It also results in inaccurate ad targeting and financial loss.",
    "Our Solution": "We leverage graph technology to create a single customer view by using Complex cypher queries  and Graph Algorithms.",
    "Solution Architecture": "",
    "Deliverables": [],
    "Tech Stack": {},
    "Project Snapshots": {},
    "Project website url": "",
    "Summarize": "",
    "Contact Details": [
        "Here are my contact details:",
        "Email: ajay@blackcoffer.com",
        "Skype: asbidyarthy",
        "WhatsApp: +91 9717367468",
        "Telegram: @asbidyarthy",
        "For project discussions and daily updates, would you like to use Slack, Skype, Telegram, or Whatsapp? Please recommend, what would work best for you."
    ]
}