{
    "Title": "Data Transformation",
    "Client Background": {
        "Client": "A leading tech firm in the USA",
        "Industry Type": "Retail",
        "Services": "Retail business",
        "Organization Size": "100+"
    },
    "The Problem": "",
    "Our Solution": "To extract the data, we used Python programming language and Pandas library. We extracted every piece of text present in the Excel sheet using Pandas and converted it into a readable text format. We then validated the JSON file with a JSON validator website to ensure that it was in the correct format. Finally, we used Pandas again to convert the JSON data into a CSV file that could be easily read and analyzed.",
    "Solution Architecture": "",
    "Deliverables": [],
    "Tech Stack": {},
    "Project Snapshots": {},
    "Project website url": "https://colab.research.google.com/drive/1yWDj8_HXu6hOYatrzWQ3ezqBxsUON3JY",
    "Summarize": "",
    "Contact Details": []
}