{
    "Title": "Google Local Service Ads (LSA) Leads Dashboard",
    "Client Background": {
        "Client": "A leading law firm in USA",
        "Industry Type": "Law",
        "Services": "Law practice",
        "Organization Size": "40+"
    },
    "The Problem": "",
    "Our Solution": "The solution for the project includes data insights through visualisations which will help businesses to better analyse the available data. This solution will help the businesses in improvising the factors to increase their potential customers and raise their respective ranks.",
    "Solution Architecture": "",
    "Deliverables": [],
    "Tech Stack": {},
    "Project Snapshots": {},
    "Project website url": "",
    "Summarize": "",
    "Contact Details": []
}