{
    "Title": "ROAS Dashboard for Campaign-Wise Google Ads Budget Tracking Using Google Ads AP",
    "Client Background": {
        "Client": "A leading IT & tech firm in the USA",
        "Industry Type": "IT",
        "Products & Services": "IT Consulting, IT Support, SaaS",
        "Organization Size": "200+"
    },
    "The Problem": "Create a ROASing dashboard to fetch google ads budget spent data using google ads api(campaign-wise). The challenge is to develop a ROAS (Return on Ad Spend) dashboard that efficiently retrieves and displays Google Ads budget spent data on a campaign-wise basis using the Google Ads API. The current system lacks a streamlined method for tracking and analyzing ad spend across various campaigns, leading to difficulties in assessing performance and optimizing budget allocation. The goal is to create a comprehensive dashboard that accurately fetches and visualizes budget data, enabling more effective analysis and decision-making. This involves integrating with the Google Ads API, ensuring data accuracy, and providing clear, actionable insights for better campaign management.",
    "Our Solution": "ETL Tool",
    "Solution Architecture": "https://drive.google.com/file/d/1ygYpSWiOQnREeOMAn4Zk5taNbWv8eaN8/view?usp=sharing",
    "Deliverables": [
        "ETL Tool",
        "Dashboard",
        "Documentations",
        "Source codes",
        "Support and Maintenance"
    ],
    "Tech Stack": {
        "Tools used": [
            "VS Code",
            "Digital Ocean"
        ],
        "Language/techniques used": [
            "Python",
            "Google Big Query",
            "Google Cloud Platform",
            "Google Ads",
            "API",
            "React.js",
            "Node.js",
            "Github"
        ],
        "Models used": [
            "Python libraries (Pandas)"
        ],
        "Skills used": [
            "Data Scientist",
            "Full Stack developer"
        ],
        "Databases used": [
            "MySQL"
        ],
        "Web Cloud Servers used": [
            "Digital Ocean"
        ]
    },
    "Project Snapshots": {
        "": [
            "https://lh7-rt.googleusercontent.com/docsz/AD_4nXepJOGIcN6Nz2dPX5CC81FZWbnldcOT5xginlQAv_QL1JiHJyLzqLVM0bl_J6P-ViwXcZhZ3QsCTrV27N4n6OhDzbTdM00hDJ9jp0GXwplNf9oih725MhCo1mlDDiYPJ-8WaTlJyjpl_0vpG0cualVjivjvCL-VSgMAk8n8qYbggXtcB9gvjw?key=DvoTftdTl4riOTz9ShicXg"
        ]
    },
    "Project website url": "https://roasing.com",
    "Summarize": "Summarized: https://blackcoffer.com/ This project was done by the Blackcoffer Team, a Global IT Consulting firm.",
    "Contact Details": [
        "This solution was designed and developed by Blackcoffer TeamHere are my contact details:Firm Name: Blackcoffer Pvt. Ltd.Firm Website: www.blackcoffer.comFirm Address: 4/2, E-Extension, Shaym Vihar Phase 1, New Delhi 110043Email: ajay@blackcoffer.comSkype: asbidyarthyWhatsApp: +91 9717367468Telegram: @asbidyarthy"
    ]
}