{
    "Title": "A Leading Hospitality Firm in the USA, Website SEO & Optimization",
    "Client Background": {
        "Client": "A leading marketing firm in the USA",
        "Industry Type": "Marketing",
        "Services": "Marketing consulting",
        "Organization Size": "100+"
    },
    "The Problem": "",
    "Our Solution": "To increase the organic traffic of the site and improve the insights.",
    "Solution Architecture": "",
    "Deliverables": [],
    "Tech Stack": {},
    "Project Snapshots": {
        "": [
            "https://lh4.googleusercontent.com/N3HU4qQiD2lMmAQ2EGrrJIt9fY7SVUSVgAiRI_rVFnHm-n-EhS_OBxDwwqjr8WV0GcvJLl-Nh8YVzttIpI-9sqEiNxpDU0g0BWX1wZHfUf560020TRhxmrl3QKYbqN_fBSJyf1c=s0"
        ]
    },
    "Project website url": "https://www.missionbeach.com/",
    "Summarize": "",
    "Contact Details": []
}