{
    "Title": "Google Data Studio Pipeline with GCP/MySQL",
    "Client Background": {
        "Client": "A leading IT firm in Europe",
        "Industry Type": "IT",
        "Services": "e-commerce, retail business, marketing, Consulting",
        "Organization Size": "100+"
    },
    "The Problem": "",
    "Our Solution": "For fetching data from FieldPulse –",
    "Solution Architecture": "",
    "Deliverables": [],
    "Tech Stack": {},
    "Project Snapshots": {},
    "Project website url": "",
    "Summarize": "",
    "Contact Details": []
}