{
    "Title": "Optimize the data scraper program to easily accommodate large files and solve OOM errors",
    "Client Background": {
        "Client": "A leading tech firm in India",
        "Industry Type": "IT Services",
        "Services": "SAAS services, Marketing services, Business consultant",
        "Organization Size": "100+"
    },
    "The Problem": "",
    "Our Solution": "We had tried multiple solutions to prevent the program from running out of memory. We used python pandas techniques to control the use of memory which worked for some files and did not work for others. Provided more solutions using vaex ,dask module and datatables.",
    "Solution Architecture": "",
    "Deliverables": [],
    "Tech Stack": {},
    "Project Snapshots": {
        "": [
            "https://lh3.googleusercontent.com/pvC9tRVV-tS2GS0NzAzou3ogkarVEY2_6q8lw4tNK-nt7Ap9EU0MO1tESnnUW8MJfLppV52miSCoLDsTgQhADhYMmPU0RSLEMxz88_kqryl4rjYzbuRc0FyQ5dkn-H4d-Nj0kiW1bSJOJLy8Og"
        ]
    },
    "Project website url": "https://github.com/Taiyo-ai/opentenders-eu",
    "Summarize": "",
    "Contact Details": []
}