{
    "Title": "Advanced AI for Trading Automation",
    "Client Background": {
        "Client": "A leading tech firm in Europe",
        "Industry Type": "Banking & Finance",
        "Services": "Trading, and financial services",
        "Organization Size": "100+"
    },
    "The Problem": "",
    "Our Solution": "",
    "Solution Architecture": "",
    "Deliverables": [],
    "Tech Stack": {},
    "Project Snapshots": {},
    "Project website url": "",
    "Summarize": "",
    "Contact Details": [
        "Here are my contact details:",
        "Email: ajay@blackcoffer.com",
        "Skype: asbidyarthy",
        "WhatsApp: +91 9717367468",
        "Telegram: @asbidyarthy",
        "For project discussions and daily updates, would you like to use Slack, Skype, Telegram, or Whatsapp? Please recommend, what would work best for you."
    ]
}