{
    "Title": "Integration of a product to a cloud-based CRM platform",
    "Client Background": {
        "Client": "A Leading Logistics Firm Worldwide",
        "Industry Type": "Logistics",
        "Services": "Import, Export, Supply Chain, Logistics, Trades",
        "Organization Size": "500+"
    },
    "The Problem": "",
    "Our Solution": "The challenge was divided into two milestones and sub-tasks for each.",
    "Solution Architecture": "",
    "Deliverables": [],
    "Tech Stack": {},
    "Project Snapshots": {},
    "Project website url": "",
    "Summarize": "",
    "Contact Details": []
}