{
    "Title": "ETL and MLOps Infrastructure for Blockchain Analytics",
    "Client Background": {
        "Client": "A Leading Blockchain Tech Firm in the USA",
        "Industry Type": "AR/VR",
        "Services": "Metaverse, NFT, Digital Currency",
        "Organization Size": "100+"
    },
    "The Problem": "",
    "Our Solution": "This Project Module develops according to the Client’s Requirements which involves Data extraction of Cryptocurrency data from a given URL by the Client, it also changes the data format, and attributes nomenclature according to the requirements. After extracting the data its loads into Microsoft MYSQL Server for the transformation of data and for full automation process, used Amazon RDS and built the FastAPI.",
    "Solution Architecture": "",
    "Deliverables": [],
    "Tech Stack": {},
    "Project Snapshots": {},
    "Project website url": "",
    "Summarize": "",
    "Contact Details": []
}