{
    "Title": "Transform API into SDK library and widget",
    "Client Background": {
        "Client": "A Leading Tech Firm in the USA",
        "Industry Type": "IT",
        "Services": "Consulting, Marketing, Healthtech",
        "Organization Size": "500+"
    },
    "The Problem": "",
    "Our Solution": "We created a flutter widget that uses  SDK libraries that allows the customer to type their medication and find the cheapest price near them.",
    "Solution Architecture": "",
    "Deliverables": [],
    "Tech Stack": {},
    "Project Snapshots": {},
    "Project website url": "",
    "Summarize": "",
    "Contact Details": []
}