{
    "Title": "Power BI Dashboard on Operations, Transactions, and Marketing Data, embedding the Dashboard to Web App",
    "Client Background": {
        "Client": "A leading tech firm in the USA",
        "Industry Type": "IT Services",
        "Services": "Consulting, Software, Marketing Solutions",
        "Organization Size": "100+"
    },
    "The Problem": "",
    "Our Solution": "Asset Report Page",
    "Solution Architecture": "",
    "Deliverables": [],
    "Tech Stack": {},
    "Project Snapshots": {
        "": [
            "https://lh4.googleusercontent.com/pRUoqgyZslKxH6o3QEnItMucI71GJIkSyw0QFZakBwT8M0fSRi6Ygc7ywNXhAWLfBgBRFqYHGkArzLX-Quu1UVLyyTih5MmsgtlfkMu5eseWIlmalLtudBU1WHPG0ntxulGuAMToQAg2i_pckA"
        ]
    },
    "Project website url": "https://digital.bctriangle.com",
    "Summarize": "",
    "Contact Details": []
}