{
    "Title": "Marbles Stimulation using python",
    "Client Background": {
        "Client": "A leading consulting firm in the USA",
        "Industry Type": "IT Consulting",
        "Services": "Consultanting",
        "Organization Size": "100+"
    },
    "The Problem": "",
    "Our Solution": "No Software model is being Used to Solve this Project",
    "Solution Architecture": "",
    "Deliverables": [],
    "Tech Stack": {},
    "Project Snapshots": {
        "": [
            "https://lh3.googleusercontent.com/I72tJk8i1g4IQJHbcJRchZKG7fsnLQ1V1j-XZFqfBAtoaoMb6UBYUKfST6bfXZBmLp1tvp0RH9-XSROeSZKjWQaosCBwXvKflxDTiRZwhBQZ2mvZyRq0iEZ5u6neJTyQ-LvuGsg=s0"
        ]
    },
    "Project website url": "",
    "Summarize": "",
    "Contact Details": []
}