{
    "Title": "Sentimental Analysis on Shareholder Letter of Companies",
    "Client Background": {
        "Client": "A leading financial firm in the USA",
        "Industry Type": "Financial services & Consulting",
        "Services": "Financial consultant",
        "Organization Size": "100+"
    },
    "The Problem": "",
    "Our Solution": "i.  Lemmatisation",
    "Solution Architecture": "",
    "Deliverables": [],
    "Tech Stack": {},
    "Project Snapshots": {
        "": [
            "https://lh4.googleusercontent.com/JCY3OEvlBTzhSHRLVqUFjGq9WbRcsINsDQK9NFXK2uLWRO1fNrxdMJlzR-NPT5pwCfsU4zAW3dlsRC8uyhNR09y6GWnDV4PO-TDoi5Sf8kKdTZDUOS9FH-HMAnOLf3ilIlh_YAM"
        ]
    },
    "Project website url": "",
    "Summarize": "",
    "Contact Details": []
}