{
    "Title": "Data from CRM via Zapier to Google Sheets (Dynamic) to PowerBI",
    "Client Background": {
        "Client": "A leading solar panel firm in the USA",
        "Industry Type": "Energy",
        "Services": "Solar Panel",
        "Organization Size": "500+"
    },
    "The Problem": "Solar Panel organization from America wants to keep track of sales data. They want to see the leadership dashboard of their organization in terms of sales. They also want to keep track of their campaigns and leads generated from sources of those campaigns. They want to keep track of sales data from different sources.",
    "Our Solution": "First, we fetch the data from CRM to PowerBI. Clean the data of CRM using DAX and then perform calculations on the data. Using cleaned data, we build KPI on PowerBI.",
    "Solution Architecture": "",
    "Deliverables": [],
    "Tech Stack": {},
    "Project Snapshots": {
        "": [
            "https://lh5.googleusercontent.com/EcewdmIAG7mOFcVlrrsBzUp2-bVm19FLG9nc0yMSoNqxZiZkGrF83vOBNVBxgb38YbMQHi-6ekNvYmDiQBD05kgd_k7e-wqjC9viCPi1CtaGBuSLeVMKUa3sKEvMVXL2wfVf5vdqprpEqcdg1gU_SA"
        ]
    },
    "Project website url": "",
    "Summarize": "",
    "Contact Details": [
        "Here are my contact details:",
        "Email: ajay@blackcoffer.com",
        "Skype: asbidyarthy",
        "WhatsApp: +91 9717367468",
        "Telegram: @asbidyarthy",
        "For project discussions and daily updates, would you like to use Slack, Skype, Telegram, or Whatsapp? Please recommend, what would work best for you."
    ]
}