{
    "Title": "Creating a custom report and dashboard using the data got from Atera API",
    "Client Background": {
        "Client": "A leading Marketing firm in USA",
        "Industry Type": "Marketing",
        "Services": "Marketing, consulting, ads, business solutions",
        "Organization Size": "20+"
    },
    "The Problem": "",
    "Our Solution": "",
    "Solution Architecture": "",
    "Deliverables": [],
    "Tech Stack": {},
    "Project Snapshots": {},
    "Project website url": "https://datastudio.google.com/reporting/5e61aecb-a420-41cc-afba-d0ca37f69132",
    "Summarize": "",
    "Contact Details": []
}