{
    "Title": "Efficient Processing and Analysis of Financial Data from PDF Files: Addressing Formatting Inconsistencies and Ensuring Data Integrity for a Toyota Dealership Management Firm",
    "Client Background": {
        "Client": "A leading automobile & tech firm in the USA",
        "Industry Type": "Automobiles",
        "Products & Services": "Manufacturing & Dealership, Financial Services",
        "Organization Size": "200+"
    },
    "The Problem": "The client, a Toyota dealership management firm, faced significant challenges in efficiently processing and analyzing financial data extracted from PDF files. These documents contained crucial information regarding sales, expenses, and other financial metrics across various departments, but parsing and extracting this data accurately proved to be a daunting task. The primary issues included inconsistency in PDF formatting, difficulty in table extraction, and ensuring data integrity throughout the processing pipeline.",
    "Our Solution": "To address these challenges, we developed a comprehensive solution tailored specifically for parsing financial data from Toyota dealership PDF documents. Our solution comprised a series of modular components, each designed to handle specific aspects of the data processing pipeline. We utilized advanced PDF parsing libraries like pdfplumber to extract tables and metadata accurately. Additionally, we implemented custom algorithms for data cleaning and validation to ensure the integrity and accuracy of the extracted data.",
    "Solution Architecture": "",
    "Deliverables": [
        "Custom Python scripts for PDF parsing and data processing tailored for Toyota dealership documents.",
        "Structured financial data stored in MongoDB collections, ensuring easy access and retrieval.",
        "Comprehensive documentation detailing system architecture, usage guidelines, and maintenance procedures."
    ],
    "Tech Stack": {
        "Tools used": [
            "pdfplumber, pandas, MongoDB"
        ],
        "Language/techniques used": [
            "Python, data cleaning, aggregation"
        ],
        "Models used": [
            "Custom parsing algorithms"
        ],
        "Skills used": [
            "Data processing, Python programming"
        ],
        "Databases used": [
            "MongoDB"
        ],
        "Web Cloud Servers used": [
            "GCP"
        ]
    },
    "Project Snapshots": {},
    "Project website url": "",
    "Summarize": "Summarized: https://blackcoffer.com/ This project was done by the Blackcoffer Team, a Global IT Consulting firm.",
    "Contact Details": [
        "This solution was designed and developed by Blackcoffer TeamHere are my contact details:Firm Name: Blackcoffer Pvt. Ltd.Firm Website: www.blackcoffer.comFirm Address: 4/2, E-Extension, Shaym Vihar Phase 1, New Delhi 110043Email: ajay@blackcoffer.comSkype: asbidyarthyWhatsApp: +91 9717367468Telegram: @asbidyarthy"
    ]
}