{
    "Title": "Create a Knowledge Graph to Provide Real-time Analytics, Recommendations, and a Single Source of Truth",
    "Client Background": {
        "Client": "A leading tech firm in the USA",
        "Industry Type": "Retail",
        "Services": "Retail Business",
        "Organization Size": "100+"
    },
    "The Problem": "The Client was using NoSql Database which was slow and did not provide real-time response for complex queries. The data had many Connections and it was difficult to represent them in NoSQL or Relational Databases.",
    "Our Solution": "Create a Knowledge Graph and Provide Real-time Analytics and Recommendations using Machine Learning.",
    "Solution Architecture": "",
    "Deliverables": [
        "Knowledge graphs and Data Pipelines are used to Populate the Graph.",
        "API’s to Perform CRUD operations in real-time."
    ],
    "Tech Stack": {},
    "Project Snapshots": {
        "": [
            "https://lh6.googleusercontent.com/0X9Mf0trz43GQD5M8qjdhDKt7zBB6-BL5L4oqYixVPv0npJzfWh6YpiG84qShxEp3E5MVCMij_5QZzIpxfDByRpTWnunojksLKjXJ13UWd4VtOjANCrc4k2HZH3s8mgKvq1kbIqr8s41kqr6tN1SSA"
        ]
    },
    "Project website url": "",
    "Summarize": "",
    "Contact Details": [
        "Here are my contact details:",
        "Email: ajay@blackcoffer.com",
        "Skype: asbidyarthy",
        "WhatsApp: +91 9717367468",
        "Telegram: @asbidyarthy",
        "For project discussions and daily updates, would you like to use Slack, Skype, Telegram, or Whatsapp? Please recommend, what would work best for you."
    ]
}