{
    "Title": "Building a Physics-Informed Neural Network for Circuit Evaluation",
    "Client Background": {
        "Client": "A leading tech firm in the USA",
        "Industry Type": "Retail",
        "Services": "Consulting",
        "Organization Size": "100+"
    },
    "The Problem": "",
    "Our Solution": "Our team utilized Jupyter Notebook, Google Colab, Octave, and MATLAB to build the PINN. We used TensorFlow models to build the neural network and Microsoft Excel to clean and preprocess the data. Our team employed Python programming, TensorFlow, Pandas, and MATLAB skills to build the PINN. We did not use any databases for this project, nor did we use any web/cloud servers.",
    "Solution Architecture": "",
    "Deliverables": [],
    "Tech Stack": {},
    "Project Snapshots": {},
    "Project website url": "https://colab.research.google.com/drive/1HX37MP4Jcb39SWJgkE_5z5n1gQwqWmV9",
    "Summarize": "",
    "Contact Details": [
        "Here are my contact details:",
        "Email: ajay@blackcoffer.comSkype: asbidyarthyWhatsApp: +91 9717367468Telegram: @asbidyarthy",
        "For project discussions and daily updates, would you like to use Slack, Skype, Telegram, or Whatsapp? Please recommend, what would work best for you."
    ]
}