{
    "Title": "Power BI Data-Driven Map Dashboard",
    "Client Background": {
        "Client": "A leading marketing firm in the USA",
        "Industry Type": "Market Research",
        "Services": "Marketing, Consultancy",
        "Organization Size": "60+"
    },
    "The Problem": "",
    "Our Solution": "",
    "Solution Architecture": "",
    "Deliverables": [],
    "Tech Stack": {},
    "Project Snapshots": {
        "": [
            "https://lh6.googleusercontent.com/epN-FlQ3iicXFMyKyYPHFMwTI1No9uwc0yy9J5jtkp-gsZsbs86-tyr53-RxnvrWRZNriWEsJCKvoIZLb08Htz1pu6zyVkw7seoGU-g38j3UAJWv4NauW29Nhe3M0YngcmZiuZtg"
        ]
    },
    "Project website url": "",
    "Summarize": "",
    "Contact Details": []
}