{
    "Title": "Enhancing Model Accuracy from 58% to Over 90%: Strategies for Improving Predictive Performance",
    "Client Background": {
        "Client": "A leading IT & tech firm in the USA",
        "Industry Type": "IT",
        "Products & Services": "IT Consulting, IT Support, SaaS",
        "Organization Size": "200+"
    },
    "The Problem": "To improve the accuracy to 90%+ where the current models which were built were giving an accuracy of 58%. The existing predictive models are currently achieving an accuracy of 58%, which is insufficient for meeting the desired performance benchmarks. The objective is to enhance the accuracy of these models to exceed 90%. This requires a comprehensive evaluation and improvement of the model development process, including data quality, feature engineering, algorithm selection, and hyperparameter tuning. The challenge lies in identifying and implementing effective strategies to significantly boost the model’s predictive accuracy while ensuring robustness and generalizability.",
    "Our Solution": "Our solution architecture is designed to efficiently preprocess financial data, perform feature selection, and train a GRU (Gated Recurrent Unit) model for predictive analysis. The architecture comprises the following components:",
    "Solution Architecture": "",
    "Deliverables": [
        "Custom Python scripts for data preprocessing, feature selection, and model building.",
        "Trained GRU model saved to a file for future use."
    ],
    "Tech Stack": {
        "Tools used": [
            "pandas, scikit-learn, TensorFlow, Keras, seaborn, matplotlib"
        ],
        "Language/techniques used": [
            "<Python programming, data preprocessing, feature selection, deep learning"
        ],
        "Models used": [
            "GRU (Gated Recurrent Unit)"
        ],
        "Skills used": [
            "Data preprocessing, feature engineering, model building, evaluation"
        ],
        "Databases used": [
            "Multiplexer"
        ]
    },
    "Project Snapshots": {
        "": [
            "https://lh7-rt.googleusercontent.com/docsz/AD_4nXevDWo9_NIc6nE1w44h1sN2_ocuLhIBazETUc5dTc0TE9MfD_RA16DEUiPBrPgLHvn3GLcROOLEunk8fmdMyHqvCW95MOUYOKanZ_-osIRssOGv8sIsyzg5hcM7lkOahHkCmm4c_kJLJBg6bU8SZMhGZebvQZSHvnvpcx9yENqWxy1AZd0UC3g?key=bwZ0-tZTiwZKolEXgTk4Vg"
        ]
    },
    "Project website url": "",
    "Summarize": "Summarized: https://blackcoffer.com/ This project was done by the Blackcoffer Team, a Global IT Consulting firm.",
    "Contact Details": [
        "This solution was designed and developed by Blackcoffer TeamHere are my contact details:Firm Name: Blackcoffer Pvt. Ltd.Firm Website: www.blackcoffer.comFirm Address: 4/2, E-Extension, Shaym Vihar Phase 1, New Delhi 110043Email: ajay@blackcoffer.comSkype: asbidyarthyWhatsApp: +91 9717367468Telegram: @asbidyarthy"
    ]
}