{
    "Title": "Marketing, sales, and financial data business dashboard (Wink Report)",
    "Client Background": {
        "Client": "A leading retail firm in Australia",
        "Industry Type": "Retail",
        "Services": "e-commerce, retail business, marketing",
        "Organization Size": "100+"
    },
    "The Problem": "",
    "Our Solution": "For collecting the data from the sources (ServiceM8 , Xero , Facebook , Google Ad) native connectors have been used , available in the Wink Report. It fetches the following data/tables from around the given data sources –",
    "Solution Architecture": "",
    "Deliverables": [],
    "Tech Stack": {},
    "Project Snapshots": {
        "": [
            "https://lh5.googleusercontent.com/5xJuCdSDh_fXZdgedtBivZPHmNIN6DnYgu-XEC0GgHw17AOpO1JxDzgpYumByWkWkOrsIGR_ElfOdecR4mqHfYWx4sidaxuI0G6xIg8yFsv_lp543klmVTgPQNGMMcyFySymIss=s0"
        ]
    },
    "Project website url": "",
    "Summarize": "",
    "Contact Details": []
}