{
    "Title": "Advanced AI for Pedestrian Crossing Safety",
    "Client Background": {
        "Client": "A leading tech firm in the Middle East",
        "Industry Type": "Security",
        "Services": "Security services",
        "Organization Size": "100+"
    },
    "The Problem": "Traffic Signals are inefficient because even if there are no cars or no pedestrians on the road it still works on a timer and stops the traffic or pedestrian unnecessarily.",
    "Our Solution": "We provide a Computer vision-logic to Manipulate the traffic signal to work such that it turns red only when x number of pedestrians are waiting to cross the signal.",
    "Solution Architecture": "",
    "Deliverables": [],
    "Tech Stack": {},
    "Project Snapshots": {
        "": [
            "https://lh5.googleusercontent.com/OSuxMDi6qKJpVH5G6ySiQC6rYAFcfRx5QcuEdrsWEor3fNrJE4hIF0RsAA_sYJG2UFtArmZPg-j12K9AQpSsOdVYdKjACf0Mu9Q1uaQHzpeEe8vpj2tMiLbTvu6Dav-rBvf77NWmnb5rGYZNJYyvmg"
        ]
    },
    "Project website url": "",
    "Summarize": "",
    "Contact Details": [
        "Here are my contact details:",
        "Email: ajay@blackcoffer.com",
        "Skype: asbidyarthy",
        "WhatsApp: +91 9717367468",
        "Telegram: @asbidyarthy",
        "For project discussions and daily updates, would you like to use Slack, Skype, Telegram, or Whatsapp? Please recommend, what would work best for you."
    ]
}