{
    "Title": "Enhancing Front-End Features and Functionality for Improved User Experience and Dashboard Accuracy in Partner Hospital Application",
    "Client Background": {
        "Client": "A leading hospital chain in the USA",
        "Industry Type": "Healthcare",
        "Products & Services": "Healthcare solutions",
        "Organization Size": "200+"
    },
    "The Problem": "Build a web application. Develop , deploy and maintain the system in the background, and there will be more hospitals partnering with our organization utilizing this tool per our service offering, which could lead to long-term working contracts with us, if interested.",
    "Our Solution": "– Need to be able to pull reports on call info by unit, by caller, by diagnosis, physician or across the hospital, specifically on flags for medications, conditions, ect.",
    "Solution Architecture": "",
    "Deliverables": [
        "Fully functional application product",
        "Maintenance and support"
    ],
    "Tech Stack": {
        "Tools used": [
            "VS Code"
        ],
        "Language/techniques used": [
            "Angular",
            "Node.js",
            "Express.js"
        ],
        "Databases used": [
            "MySQL"
        ],
        "Web Cloud Servers used": [
            "AWS"
        ]
    },
    "Project Snapshots": {
        "": [
            "https://lh7-rt.googleusercontent.com/docsz/AD_4nXdwx1SDBMDA0q6MSXpeejA851UjT7laXdCu4WpKfjcFJCGhFzLhkuHXAZP0a20VM_Z-taOxt9e-lEkEOfQ81Utc6syFuZY5CHe7Bx7ol_jSuN4FFzEAA4IiOqPAA-UmgTXhPwSDmG9n7vbVDZZjmp3ieY5D9TFYgxF-0eqCvNYjzH7MuXQusQo?key=1z7yBghDuI9zEJAhL2WwpA"
        ]
    },
    "Project website url": "https://callsnavigator.com",
    "Summarize": "Summarized: https://blackcoffer.com/ This project was done by the Blackcoffer Team, a Global IT Consulting firm.",
    "Contact Details": [
        "This solution was designed and developed by Blackcoffer TeamHere are my contact details:Firm Name: Blackcoffer Pvt. Ltd.Firm Website: www.blackcoffer.comFirm Address: 4/2, E-Extension, Shaym Vihar Phase 1, New Delhi 110043Email: ajay@blackcoffer.comSkype: asbidyarthyWhatsApp: +91 9717367468Telegram: @asbidyarthy"
    ]
}