{
    "Title": "Securing Sensitive Financial Data with Privacy-Preserving Machine Learning for Predictive Analytics",
    "Client Background": {
        "Client": "A leading Finance & tech firm in the USA",
        "Industry Type": "Finance",
        "Products & Services": "Financial Services, SaaS",
        "Organization Size": "200+"
    },
    "The Problem": "Our client, a leading financial institution, faced the challenge of leveraging machine learning for predictive analytics while ensuring the security and privacy of sensitive data. Traditional machine learning models posed limitations in preserving data privacy, especially when dealing with sensitive financial information.",
    "Our Solution": "We proposed integrating Fully Homomorphic Encryption (FHE) with the powerful XGBoost model to provide secure and privacy-preserving predictive analytics capabilities. By implementing FHE-XGBoost, we aimed to enable the client to leverage machine learning for decision-making without compromising data privacy.",
    "Solution Architecture": "",
    "Deliverables": [],
    "Tech Stack": {
        "Tools used": [
            "SEAL library, XGBoost, PDTE (Predictive Decision Tree Engine), FHE libraries"
        ],
        "Language/techniques used": [
            "Python, homomorphic encryption, machine learning model integration"
        ],
        "Models used": [
            "FHE-XGBoost"
        ],
        "Skills used": [
            "Machine learning, cryptography, software development"
        ],
        "Web Cloud Servers used": [
            "Virtual Machine (Linux)"
        ]
    },
    "Project Snapshots": {
        "": [
            "https://lh7-rt.googleusercontent.com/docsz/AD_4nXdaaQVFcjTraASSFKiw2UfyyALOP6itXl60nEBlKtfufuTVB2hYc59Uai0k5QUw1kXHIRtzpYOEDcwo7XHaML5Wo29cTf6vwP09IxkeHtXDsiJoDLvfhhNpcFHdTuJmd1hSaNfvs663ZgiOq5fV2pJqnOS2_QzuNQp-sUCejoM0tWXxmf7EUdg?key=G7SqESQelHEkGDfmMTEAPw"
        ]
    },
    "Project website url": "",
    "Summarize": "Summarized: https://blackcoffer.com/ This project was done by the Blackcoffer Team, a Global IT Consulting firm.",
    "Contact Details": [
        "This solution was designed and developed by Blackcoffer TeamHere are my contact details:Firm Name: Blackcoffer Pvt. Ltd.Firm Website: www.blackcoffer.comFirm Address: 4/2, E-Extension, Shaym Vihar Phase 1, New Delhi 110043Email: ajay@blackcoffer.comSkype: asbidyarthyWhatsApp: +91 9717367468Telegram: @asbidyarthy"
    ]
}