{
    "Title": "Big Data solution to an online multivendor marketplace eCommerce business",
    "Client Background": {
        "Client": "A leading eCommerce firm in the USA, Columbia, India, and Latin America",
        "Industry Type": "eCommerce",
        "Services": "e-commerce, retail business",
        "Organization Size": "100+"
    },
    "The Problem": "",
    "Our Solution": "In BlackCoffer We create the flow of the Big Data and all Backend Solution That is requires for this futuristic E-Commerce Sites.We Create Pipelines for the data of all the products and their price and url fetch from different E-Commerce Sites using Custom made APIs And perform many data cleaning, data transformation and data validation techniques to make sure the standard of data to be used by Our Sites .We also get Additional Feature from the scraped data By using Different APIs . We also create automation and custom python scripts that helps us to achieve some outstanding data related tasks.",
    "Solution Architecture": "",
    "Deliverables": [],
    "Tech Stack": {},
    "Project Snapshots": {
        "": [
            "https://lh4.googleusercontent.com/4AnR6AJ-fqV2RuTTDVHAD_Y8619ghuc-D440YkHlvUO_Vv4c0LD6U_izZyyCBzcHd5xClIw53C1mW_ENWz1Hj4yJpC3AncF8w6UT_4lABEQhrsDEVqW5gxArKvDkFs2zIjzmjweM"
        ]
    },
    "Project website url": "https://gangala.in/",
    "Summarize": "",
    "Contact Details": []
}