{
    "Title": "A web-based dashboard for the filtered data retrieval of land records",
    "Client Background": {
        "Client": "A Leading Real Estate Firm in the USA",
        "Industry Type": "Real Estate",
        "Services": "Land, Infrastructure, Real Estate, Investment",
        "Organization Size": "100+"
    },
    "The Problem": "",
    "Our Solution": "Created the web application as per client needs.",
    "Solution Architecture": "",
    "Deliverables": [],
    "Tech Stack": {},
    "Project Snapshots": {},
    "Project website url": "",
    "Summarize": "",
    "Contact Details": []
}