{
    "Title": "Equity Waterfalls Model-Based SaaS Application for Real Estate Sector",
    "Client Background": {
        "Client": "A leading real estate firm in the USA",
        "Industry Type": "real estate",
        "Services": "Property business, investment, real estate",
        "Organization Size": "100+"
    },
    "The Problem": "",
    "Our Solution": "We have created api’s that will calculate the equity waterfall calculation according to the selection of the waterfall tiers.",
    "Solution Architecture": "",
    "Deliverables": [],
    "Tech Stack": {},
    "Project Snapshots": {
        "": [
            "https://lh3.googleusercontent.com/UtnJzPolQ2ZDyNdXbYN2sOh_p5lbzaaLJHYqIsHDcAWvr5naz4ZrsKHAhmj8ndJ2jOVDgIsW38zGWT4GwMMpOWsf4zvhOTLJdGZt5medJfYhQ7FJ5kSUa19x3ACofVyr0ubnFIvSVOXG6jqIIKrSjQ"
        ]
    },
    "Project website url": "https://stackshares.io/dashboard/add-new-deal",
    "Summarize": "",
    "Contact Details": [
        "Here are my contact details:",
        "Email: ajay@blackcoffer.com",
        "Skype: asbidyarthy",
        "WhatsApp: +91 9717367468",
        "Telegram: @asbidyarthy",
        "For project discussions and daily updates, would you like to use Slack, Skype, Telegram, or Whatsapp? Please recommend, what would work best for you."
    ]
}