{
    "Title": "AI solution for a Technology, Information and Internet firm",
    "Client Background": {
        "Client": "A leading Technology, Information and Internet firm in India",
        "Industry Type": "IT",
        "Services": "Emerging Technologies, 2030, and 2050",
        "Organization Size": "10+"
    },
    "The Problem": "The objective was to analyze, research, and propose data science solutions in the product based on the product design, use cases, and services.",
    "Our Solution": "b. List needed data",
    "Solution Architecture": "",
    "Deliverables": [
        "Statement of Work (SoW) with a solution documentation"
    ],
    "Tech Stack": {},
    "Project Snapshots": {
        "": [
            "https://lh6.googleusercontent.com/g4SvMwP33he6Ybn_EHESgVX7HHSt5AtlAjlemj9j08jw8Dy3JXpRgx6Wlwnu6o9Ed2vkRu4LzQZZ6cUthdQ4bUQckBgKxvQyuw71KXA7ldyUbejVVOl2-lyswPqb7i4xub7-ShyxdSR0r-W5Ru-vxg"
        ]
    },
    "Project website url": "",
    "Summarize": "",
    "Contact Details": [
        "Here are my contact details:",
        "Email: ajay@blackcoffer.com",
        "Skype: asbidyarthy",
        "WhatsApp: +91 9717367468",
        "Telegram: @asbidyarthy",
        "For project discussions and daily updates, would you like to use Slack, Skype, Telegram, or Whatsapp? Please recommend, what would work best for you."
    ]
}