{
    "Title": "Data Management for a Political SaaS Application",
    "Client Background": {
        "Client": "A leading tech firm in the USA",
        "Industry Type": "IT",
        "Services": "SaaS, Products",
        "Organization Size": "100+"
    },
    "The Problem": "As per the guidelines and discussion. Political Research Automated Data Acquisition (PRADA) in the following phases which included.",
    "Our Solution": "We created an automated python scripts for designated phases with respective requirements. Solutions to various type of problems varied such as most of data scrapping automation was done through python developed scripts including the geospatial KML task. In addition to this different ranges of data was scrapped generated directed output for the respective tasks in the form of CSV format. So the user’s main aim requirement was achieved i.e. a non programmer could create a con-fig and initiate a bot to scrap the required data.",
    "Solution Architecture": "",
    "Deliverables": [],
    "Tech Stack": {},
    "Project Snapshots": {
        "": [
            "https://lh3.googleusercontent.com/e7o0lWT1RD2hCLWtJj_E6QTBSrHMEkG65PcGxplkahFaqJzARQZYJItpl9i037rv4GCjAXtjQoQaT4tXyKidZfkID65p4lxmDhpyCFd4frfnwq_zdP9gfHLyakgH-6C8xscGX6aqNHX7s0ppaJ2_7A"
        ]
    },
    "Project website url": "Google LSA Ads (Google Local Service Ads) – ETL tools and Dashboards",
    "Summarize": "",
    "Contact Details": [
        "Here are my contact details:",
        "Email: ajay@blackcoffer.com",
        "Skype: asbidyarthy",
        "WhatsApp: +91 9717367468",
        "Telegram: @asbidyarthy",
        "For project discussions and daily updates, would you like to use Slack, Skype, Telegram, or Whatsapp? Please recommend, what would work best for you."
    ]
}