{
    "Title": "Sports Prediction Model for Multiple Sports Leagues",
    "Client Background": {
        "Client": "A leading sports tech firm in the USA",
        "Industry Type": "Sports",
        "Products & Services": "Sports Management, SaaS",
        "Organization Size": "100+"
    },
    "The Problem": "The client aimed to develop a sophisticated sports prediction model capable of forecasting game outcomes across five major sports leagues: NCAAFB, NHL, NFL, NBA, and MLB. The primary challenge was to leverage historical data and statistical inputs to accurately predict game winners. The project required integrating data from the SportRadar API, processing it efficiently, and utilizing machine learning techniques to train a predictive model. The ultimate goal was to provide real-time predictions that could assist in sports betting strategies or enhance fan engagement.",
    "Our Solution": "The proposed solution involved creating a comprehensive sports prediction model using Python, leveraging the SportRadar API for data acquisition, and storing the data in Google Cloud Storage. The project was structured around a modular approach, with each sport having its dedicated script (`{sport_name}.py`) for data processing and model training. The development workflow included:– **Data Collection**: Utilizing the SportRadar API to gather historical data for the past 3-4 seasons.– **Data Processing**: Storing the data in Google Cloud Storage and processing it into a structured format suitable for model training.– **Model Training**: Preparing the data for model training, focusing on converting JSON data to tabular format and fetching relevant team stats.– **Prediction**: Developing the predictive model to forecast game outcomes based on historical data and statistical inputs.",
    "Solution Architecture": "",
    "Deliverables": [],
    "Tech Stack": {
        "Tools used": [
            "Python",
            "Google Cloud Storage",
            "Machine Learning",
            "Google Cloud Functions"
        ]
    },
    "Project Snapshots": {
        "": [
            "https://lh7-rt.googleusercontent.com/docsz/AD_4nXf1fTIMDMP1keo9gNkWwyTIHADjon6pdmSk3nw1HUF5jDCkOgJoPq951cfUhUO9-Spx9wlRz9Loy53wtp6lGCVxi-c9ejfJZHAfVsEUd2fG0tvZc9NDU-_1v40H_euE0nyRKy10iP8MeJb7eaSTTb8ubX1zduftYgJauM4jHOUasdQ7kttMCr8?key=bNallU8UMz6VfQUW3uKiPg"
        ]
    },
    "Project website url": "",
    "Summarize": "Summarized: https://blackcoffer.com/ This project was done by the Blackcoffer Team, a Global IT Consulting firm.",
    "Contact Details": [
        "This solution was designed and developed by Blackcoffer TeamHere are my contact details:Firm Name: Blackcoffer Pvt. Ltd.Firm Website: www.blackcoffer.comFirm Address: 4/2, E-Extension, Shaym Vihar Phase 1, New Delhi 110043Email: ajay@blackcoffer.comSkype: asbidyarthyWhatsApp: +91 9717367468Telegram: @asbidyarthy"
    ]
}