{
    "Title": "Key Audit Matters Predictive Modeling",
    "Client Background": {
        "Client": "A leading business school worldwide",
        "Industry Type": "R&D",
        "Services": "Research & Innovation",
        "Organization Size": "10000+"
    },
    "The Problem": "",
    "Our Solution": "Created a mapping for key audit matters to label the sub category and category of the audit for further analysis and merging with other datasets on the basis of the unique keys to create a final dataset we can use to calculate and do the hypothesis testing.",
    "Solution Architecture": "",
    "Deliverables": [],
    "Tech Stack": {},
    "Project Snapshots": {},
    "Project website url": "",
    "Summarize": "",
    "Contact Details": []
}