{
    "Title": "Building Custom TFLite Models and Benchmarking on VOXL2 Chips",
    "Client Background": {
        "Client": "A leading tech consulting firm in the USA",
        "Industry Type": "IT",
        "Products & Services": "IT Consulting, IT Support, SaaS",
        "Organization Size": "100+"
    },
    "The Problem": "The client aimed to explore the development and deployment of custom TensorFlow Lite (TFLite) models on VOXL2 hardware. The goal was to leverage the advanced GPU and NPU acceleration capabilities of VOXL2 to optimize and benchmark these models for efficient on-device inference. This project was not only about showcasing the potential of VOXL2 in enhancing machine learning performance but also about contributing to the broader understanding of deploying custom models on edge devices.",
    "Our Solution": "Steps were followed as referred in the Modal AI documentation. No solution architecture was required here.",
    "Solution Architecture": "",
    "Deliverables": [],
    "Tech Stack": {
        "Tools used": [
            "ONNX",
            "TensorFlow Lite",
            "VOXL SDK",
            "Android Debug Bridge (ADB)"
        ],
        "Language/techniques used": [
            "Python",
            "Shell scripting"
        ],
        "Models used": [
            "YOLOv7 or YOLOv8 in ONNX format",
            "Mobilenet"
        ],
        "Skills used": [
            "Machine Learning model conversion and optimization",
            "Edge device deployment and configuration",
            "Performance benchmarking"
        ]
    },
    "Project Snapshots": {},
    "Project website url": "https://docs.google.com/document/d/17qVUzjCz3UKWB_-0fuBJzZAbdOULbp2a1U7b2Il3V78/edit",
    "Summarize": "Summarized: https://blackcoffer.com/ This project was done by the Blackcoffer Team, a Global IT Consulting firm.",
    "Contact Details": [
        "This solution was designed and developed by Blackcoffer TeamHere are my contact details:Firm Name: Blackcoffer Pvt. Ltd.Firm Website: www.blackcoffer.comFirm Address: 4/2, E-Extension, Shaym Vihar Phase 1, New Delhi 110043Email: ajay@blackcoffer.comSkype: asbidyarthyWhatsApp: +91 9717367468Telegram: @asbidyarthy"
    ]
}