{
    "Title": "Power BI dashboard to drive insights from complex data to generate business insights",
    "Client Background": {
        "Client": "A leading marketing firm in the USA",
        "Industry Type": "Market Research",
        "Services": "Marketing, Consultancy",
        "Organization Size": "100+"
    },
    "The Problem": "",
    "Our Solution": "We provided them Phase 1 in the powerbi sql editor by combining two tables using sql queries. For phase 2 we just used the power bi program tool and written a script in Python to calculate the success of story. For Phase 3 we used the internal features of Power BI to find insights of the data.",
    "Solution Architecture": "",
    "Deliverables": [],
    "Tech Stack": {},
    "Project Snapshots": {
        "": [
            "https://lh4.googleusercontent.com/H1GGHE2gkKFPudUzpljQHdcEN6Jthks7iVpCBe8g3lQqoCLCq1arbb0zbUi0Ni8kH7Wp8K9pcLp5RsdQEHBTmMpajNSYn8DMnmAH38vng-jwzNHv8Ulkp4MGztgTOkMv0MLtjl_R"
        ]
    },
    "Project website url": "",
    "Summarize": "",
    "Contact Details": []
}