{
    "Title": "Monday.com to KPI Dashboard to manage, view, and generate insights from the CRM data",
    "Client Background": {
        "Client": "A leading energy firm in the USA",
        "Industry Type": "Energy",
        "Services": "Solar panel",
        "Organization Size": "200+"
    },
    "The Problem": "",
    "Our Solution": "The challenging part of this project was to get CRM data on Monday.com dashboard. Client also has subscription of Zapier. Zapier is a connector which connect two apps to transfer data from each other. Zapier also has limitation to fetch limited type of data from CRM. Like for Mohsin CRM we can only fetch hot lead comes on CRM. But in his CRM there are also other functions like if a customer lead comes on CRM. They manually book appointment for that client. So there is no way to get that data from CRM. Issue for client was he has attached integrated four google calendar account with CRM so whenever he confirms appointment on CRM that data fetched on google calendar. But he has check manually one by one on each calendar which was bit hard task for him. So, we advised Monday.com where he can track all his task at one place.",
    "Solution Architecture": "",
    "Deliverables": [],
    "Tech Stack": {},
    "Project Snapshots": {
        "": [
            "https://lh4.googleusercontent.com/t4C1b1c0Xx-QGsWmPJ6u-fuMValnZbFxPpQD5ZOHVbZu5P1W6j1pqUzRY6RzdS4fyJV9jJKiOnjJaGmq4GlV3tG9VETmuplJhfqYQPGgrZMFOkQ94v_V2jJlmehG746_RbD_pBY4CaEf"
        ]
    },
    "Project website url": "",
    "Summarize": "",
    "Contact Details": [
        "Here are my contact details:",
        "Email: ajay@blackcoffer.com",
        "Skype: asbidyarthy",
        "WhatsApp: +91 9717367468",
        "Telegram: @asbidyarthy",
        "For project discussions and daily updates, would you like to use Slack, Skype, Telegram, or Whatsapp? Please recommend, what would work best for you."
    ]
}