{
    "Title": "Golden Record – A knowledge graph database approach to unfold discovery using Neo4j",
    "Client Background": {
        "Client": "A leading retail firm in the USA",
        "Industry Type": "Retail",
        "Services": "Retail business, consumer services",
        "Organization Size": "100+"
    },
    "The Problem": "To use data ingested into Neo4j and use the nodes and relationships with its properties to determine which nodes are actually the same person. For eg: we have Person nodes in the data, now people might enter their names in different ways. Our main aim is to identify Person nodes that may have similar data and are actually the same person. This will be represented as a perfect match between the nodes. This single-person view is referred to as the Golden Record",
    "Our Solution": "Till date, we have loaded data into Neo4j and created relationships with score property which defines match strength. We have created some criterias by which we can determine what constitutes two nodes being the same and then based on them created ‘perfect match’ and ‘probable match’.We have considered four properties for our criteria – full name, address, driver’s license, and passport number. We have relationships between nodes for these properties with scores, we use these in our perfect match and probable match creation.",
    "Solution Architecture": "",
    "Deliverables": [],
    "Tech Stack": {},
    "Project Snapshots": {},
    "Project website url": "",
    "Summarize": "",
    "Contact Details": [
        "Here are my contact details:",
        "Email: ajay@blackcoffer.com",
        "Skype: asbidyarthy",
        "WhatsApp: +91 9717367468",
        "Telegram: @asbidyarthy",
        "For project discussions and daily updates, would you like to use Slack, Skype, Telegram, or Whatsapp? Please recommend, what would work best for you.",
        ""
    ]
}