{
    "Title": "Auvik, Connectwise integration in Grafana",
    "Client Background": {
        "Client": "A Leading Tech Firm in the USA",
        "Industry Type": "IT & Consulting",
        "Services": "Software, Business Solutions, Consulting",
        "Organization Size": "200+"
    },
    "The Problem": "",
    "Our Solution": "Grafana",
    "Solution Architecture": "",
    "Deliverables": [],
    "Tech Stack": {},
    "Project Snapshots": {
        "": [
            "https://lh5.googleusercontent.com/YRyDcb-ZcfmSSNBI37coMjittMolehHksNWni3N90WKEzKoGiWJZgNsr4qb-CXVcxM850ia_HaZmUzw4Iqf3yMFMm4kW96ux781d-oICdB2WBibH_LABh6Lyqlt_WqgbY7cusFIJAUBnuAvReQ"
        ]
    },
    "Project website url": "https://github.com/AjayBidyarthy/Henry-Pardo",
    "Summarize": "",
    "Contact Details": []
}