{
    "Title": "Connecting MongoDB Database to Power BI Dashboard: Dashboard Automation",
    "Client Background": {
        "Client": "A leading tech firm in Newzealand",
        "Industry Type": "Retail",
        "Services": "Retail business",
        "Organization Size": "100+"
    },
    "The Problem": "",
    "Our Solution": "We used Brodie’s MongoDB Database keys to extract relevant Data Clusters as Pandas Dataframes. We then added them as tables to Azure Blob Storage and set up a Python script to an Azure pipeline that refreshed every 30 minutes. This allowed us to keep the data in sync and provide Brodie with up-to-date information for his Power BI Dashboard.",
    "Solution Architecture": "",
    "Deliverables": [],
    "Tech Stack": {},
    "Project Snapshots": {},
    "Project website url": "https://github.com/AjayBidyarthy/Brodie-Johnco",
    "Summarize": "",
    "Contact Details": []
}