{
    "Title": "Building an Analytics Dashboard with a PDF Parsing Pipeline for Data Extraction",
    "Client Background": {
        "Client": "A leading tech development firm in the USA",
        "Industry Type": "IT",
        "Products & Services": "IT Consulting, IT Services, Product Development",
        "Organization Size": "100+"
    },
    "The Problem": "Create an analytics dashboard using pdf parsing pipeline",
    "Our Solution": "Data Science Tasks:",
    "Solution Architecture": "",
    "Deliverables": [
        "Analytics Dashboard Webpage"
    ],
    "Tech Stack": {
        "Tools used": [],
        "PDF Parsing:": []
    },
    "Project Snapshots": {},
    "Project website url": "",
    "Summarize": "Summarized: https://blackcoffer.com/ This project was done by the Blackcoffer Team, a Global IT Consulting firm.",
    "Contact Details": [
        "This solution was designed and developed by Blackcoffer TeamHere are my contact details:Firm Name: Blackcoffer Pvt. Ltd.Firm Website: www.blackcoffer.comFirm Address: 4/2, E-Extension, Shaym Vihar Phase 1, New Delhi 110043Email: ajay@blackcoffer.comSkype: asbidyarthyWhatsApp: +91 9717367468Telegram: @asbidyarthy"
    ]
}