{
    "Title": "Database Normalization & Segmentation with Google Data Studio Dashboard Insights",
    "Client Background": {
        "Client": "A leading marketing firm in the USA",
        "Industry Type": "Market Research",
        "Services": "Marketing, Consultancy",
        "Organization Size": "60+"
    },
    "The Problem": "",
    "Our Solution": "We used pandas dataframe to combine different files to make single file for each source. We used Google Data Studio to make good looking and better reports with good UI.",
    "Solution Architecture": "",
    "Deliverables": [],
    "Tech Stack": {},
    "Project Snapshots": {
        "": [
            "https://lh5.googleusercontent.com/GwBhgoRkQ2WEg3j394UUy7W0yQ1KOsTV2-PTF54soFrEMZfKkxC5ZB5SQ7ki-TsYqInmTo8H5WedAW3Y4EwwpW9r-Wr1v67q2xQd8FZ_Ot2Iq6iG99rWiTq8lc6Oh494PiPnxttT"
        ]
    },
    "Project website url": "",
    "Summarize": "",
    "Contact Details": []
}