{
    "Title": "Car Detection in Satellite Images",
    "Client Background": {
        "Client": "A leading retail firm in the USA",
        "Industry Type": "Retail",
        "Services": "Retail business",
        "Organization Size": "100+"
    },
    "The Problem": "",
    "Our Solution": "We used Google Colab for coding and training the Darknet model. Kaggle was used to download the Yolov4 dataset of cars in satellite images. We preprocessed the dataset and trained the model on it. Once the model was trained, we tested it on sample satellite images and it worked perfectly fine. Finally, we created a script that detected the cars in an image and highlighted them using a bounding box.",
    "Solution Architecture": "",
    "Deliverables": [],
    "Tech Stack": {},
    "Project Snapshots": {},
    "Project website url": "https://colab.research.google.com/drive/1AoeHdZdpi0lWLf3X2G800J0VT_7wJtnE",
    "Summarize": "",
    "Contact Details": [
        "Here are my contact details:",
        "Email: ajay@blackcoffer.com",
        "Skype: asbidyarthy",
        "WhatsApp: +91 9717367468",
        "Telegram: @asbidyarthy",
        "For project discussions and daily updates, would you like to use Slack, Skype, Telegram, or Whatsapp? Please recommend, what would work best for you."
    ]
}