{
    "Title": "AI agent development and Deployment in Jina AI",
    "Client Background": {
        "Client": "A leading tech firm in Europe",
        "Industry Type": "IT",
        "Services": "IT and Consulting",
        "Organization Size": "100+"
    },
    "The Problem": "The client’s object was to create AI agents for his website, which the end-users will utilize for many tasks. The client had some recommendations on the models are utilized.",
    "Our Solution": "Created a feasible models list that complements the client’s requirement and when ahead and executed the Executor code for every model for compatibility with JinaAI deployment. After implementing Executor codes, I created a Flow to connect every executor and deployed it successfully.",
    "Solution Architecture": "",
    "Deliverables": [
        "Successfully delivered executable deployed models in Jina Ai"
    ],
    "Tech Stack": {},
    "Project Snapshots": {
        "": [
            "https://lh6.googleusercontent.com/xfqD02e94RCg3_P_PVqpYjz0R4ZKP-XIYbQy5zp8zyb9PlV9QMq--bY-7EsnofgZTm4exZmlIc6M69MnCfUqNspTIjlRGEJ1ocuakxCbTxAWqZxQHvHGYzq2Rqb-7kCI0y6Fc-wAQXIiyo6I8di61A"
        ]
    },
    "Project website url": "",
    "Summarize": "",
    "Contact Details": [
        "Here are my contact details:",
        "Email: ajay@blackcoffer.com",
        "Skype: asbidyarthy",
        "WhatsApp: +91 9717367468",
        "Telegram: @asbidyarthy",
        "For project discussions and daily updates, would you like to use Slack, Skype, Telegram, or Whatsapp? Please recommend, what would work best for you."
    ]
}