{
    "Title": "Google Data Studio Dashboard for Marketing, ads and Traction data",
    "Client Background": {
        "Websitehttp": "//www.bankiom.comCompany size2-10 employeesFounded2019SpecialtiesBanking, Financial Services, Card Payments, Mobile Payments, Digital Bank, and FinTech"
    },
    "The Problem": "",
    "Our Solution": "Built dashboard for each data source like Google Ads, Facebook Ads for tracking installs, channel spend, cost per install for both Android and IOS.",
    "Solution Architecture": "",
    "Deliverables": [],
    "Tech Stack": {},
    "Project Snapshots": {
        "": [
            "https://lh4.googleusercontent.com/4OLU3xvSG6heuFaYRPPD6danr97TVL9oahszSevDOWg4QVb0Fa2qPW7MwwyBjwmsan2P2sriDfIl_tSLYpaeH1rUuWv-Nb7xR2oBdSZA-USVlhxlkDTJvK6PrU5KasAxTz_8Oljj"
        ]
    },
    "Project website url": "https://datastudio.google.com/reporting/8af163c1-b328-4ed3-91fc-cf8a026d0d9f",
    "Summarize": "",
    "Contact Details": []
}