{
    "Title": "Advanced AI for Road Cam Threat Detection",
    "Client Background": {
        "Client": "A leading tech firm in the Middle East",
        "Industry Type": "Security",
        "Services": "Security services",
        "Organization Size": "100+"
    },
    "The Problem": "Detect the threat level of accidents between a Pedestrian and a Car.",
    "Our Solution": "Use Deeplearning Computer vision and logic to detect the threat level as defined by the Client.",
    "Solution Architecture": "",
    "Deliverables": [],
    "Tech Stack": {},
    "Project Snapshots": {},
    "Project website url": "",
    "Summarize": "",
    "Contact Details": [
        "Here are my contact details:",
        "Email: ajay@blackcoffer.com",
        "Skype: asbidyarthy",
        "WhatsApp: +91 9717367468",
        "Telegram: @asbidyarthy",
        "For project discussions and daily updates, would you like to use Slack, Skype, Telegram, or Whatsapp? Please recommend, what would work best for you."
    ]
}