{
    "Title": "Steps to Convert a Node.js API to Python for AWS Lambda Deployment",
    "Client Background": {
        "Client": "A leading consulting firm in the USA",
        "Industry Type": "IT & Consulting",
        "Products & Services": "IT Consulting, Tech Support",
        "Organization Size": "50+"
    },
    "The Problem": "Converting a Node.js API to Python code for AWS Lambda involves several key steps. First, create a new Lambda function and select Python as the runtime. Then, translate the Node.js handler function to Python, ensuring it performs the same logic. Next, include any necessary Python libraries in your deployment package. Use AWS API Gateway to map HTTP requests to your Lambda function. Finally, package your code and dependencies, upload them to Lambda, and thoroughly test to ensure everything works as expected.",
    "Our Solution": "",
    "Solution Architecture": "",
    "Deliverables": [
        "New optimised python lamda function"
    ],
    "Tech Stack": {
        "Tools used": [
            "AWS Lambda Management Console",
            "AWS API Gateway",
            "AWS CLI (Command Line Interface)",
            "AWS SAM (Serverless Application Model)",
            "Boto3 (AWS SDK for Python)"
        ]
    },
    "Project Snapshots": {},
    "Project website url": "",
    "Summarize": "Summarized: https://blackcoffer.com/ This project was done by the Blackcoffer Team, a Global IT Consulting firm.",
    "Contact Details": [
        "This solution was designed and developed by Blackcoffer TeamHere are my contact details:Firm Name: Blackcoffer Pvt. Ltd.Firm Website: www.blackcoffer.comFirm Address: 4/2, E-Extension, Shaym Vihar Phase 1, New Delhi 110043Email: ajay@blackcoffer.comSkype: asbidyarthyWhatsApp: +91 9717367468Telegram: @asbidyarthy"
    ]
}