{
    "Title": "Dynamic, Brand-Centric Dashboard for Automotive Dealerships: PDF to Financial Insights with Flask-React Architecture and AWS Cloud Hosting",
    "Client Background": {
        "Client": "A leading IT & tech firm in the USA",
        "Industry Type": "IT",
        "Products & Services": "IT Consulting, IT Support, SaaS",
        "Organization Size": "200+"
    },
    "The Problem": "In today’s fast-paced digital environment, automotive brands and dealerships demand personalized and dynamic online experiences that reflect their unique identities. Static web pages or dashboards that cannot be customized limit engagement, fail to showcase specific brand elements, and lead to lost opportunities. A dynamic system that can adjust each page’s look and feel based on the dealership or brand’s unique requirements is essential for maintaining consistency and increasing customer engagement.",
    "Our Solution": "PDF to Dashboard: Streamlining Financial Statements is a comprehensive solution designed to create a fully dynamic and customizable online experience. Key features include:",
    "Solution Architecture": "",
    "Deliverables": [],
    "Tech Stack": {},
    "Project Snapshots": {
        "": [
            "https://lh7-rt.googleusercontent.com/docsz/AD_4nXecFMBYQV79IqlSOVhCXqT2zSl4HfclpVqzUwYxBM4P4XQ1LZh_rNTmfA6NQY2rqyAq6w3gMGyz427Vhmy0tKsOhUHabW307iCLPyyragM4FX_VidSp5RyzlTnhTu0Ax9qgv95AG7O1N3e7gp2N6JWDFLUiRDJI3DkelO8bpyTJkGiNuItS8js?key=UD_Bik9Yz8A9SOx1YUXAyw"
        ]
    },
    "Project website url": "https://my.dealerdash.ai/login",
    "Summarize": "Summarized: https://blackcoffer.com/ This project was done by the Blackcoffer Team, a Global IT Consulting firm.",
    "Contact Details": [
        "This solution was designed and developed by Blackcoffer TeamHere are my contact details:Firm Name: Blackcoffer Pvt. Ltd.Firm Website: www.blackcoffer.comFirm Address: 4/2, E-Extension, Shaym Vihar Phase 1, New Delhi 110043Email: ajay@blackcoffer.comSkype: asbidyarthyWhatsApp: +91 9717367468Telegram: @asbidyarthy"
    ]
}