{
    "Title": "Google LSA API Data Automation and Dashboarding",
    "Client Background": {
        "Client": "A leading marketing firm in the USA",
        "Industry Type": "Marketing services & Consulting",
        "Services": "Marketing consultant",
        "Organization Size": "100+"
    },
    "The Problem": "",
    "Our Solution": ">> Module 1: API Data Abstraction",
    "Solution Architecture": "",
    "Deliverables": [],
    "Tech Stack": {},
    "Project Snapshots": {},
    "Project website url": "",
    "Summarize": "",
    "Contact Details": []
}