{
    "Title": "Ranking customer behaviours for business strategy",
    "Client Background": {
        "Client": "A Leading Retail Firm in the USA",
        "Industry Type": "Retail",
        "Services": "Retail Business",
        "Organization Size": "100+"
    },
    "The Problem": "Create an API service that will parse text, include comments, analyse the remarks, assign a score based on sentiment or other criteria, etc. Feed it comments, and it should analyse the syntax and sentiment of the comments as well as extract key terms to add to the extended meta data of that model. In order for us to know a user’s behaviour, personal information, and more meta data about their interests",
    "Our Solution": "Created a flask API, that will take comments as input and will textual analysis as follows:",
    "Solution Architecture": "",
    "Deliverables": [
        "CommentScoringAPI that will take comments/reviews as input, and do the textual analysis on the given comment and will return the Comment Score based on counts of spell and grammar errors, sentiments, hot keywords."
    ],
    "Tech Stack": {},
    "Project Snapshots": {},
    "Project website url": "",
    "Summarize": "",
    "Contact Details": []
}