{
    "Title": "Gangala.in: E-commerce Big Data ETL / ELT Solution and Data Warehouse",
    "Client Background": {
        "Client": "A leading eCommerce firm in the USA, Columbia, India, and Latin America",
        "Industry Type": "eCommerce",
        "Services": "e-commerce, retail business",
        "Organization Size": "100+"
    },
    "The Problem": "",
    "Our Solution": "We built them a pipeline to process and clean the raw data provided. We built API’s to fetch the updated data of the products. Neo4j was used as the intermediary data and mongoDB was used as our primary database. We also process the images of each product and remove any unwanted texts from it and add the client’s watermark.",
    "Solution Architecture": "",
    "Deliverables": [],
    "Tech Stack": {},
    "Project Snapshots": {},
    "Project website url": "https://gangala.in/",
    "Summarize": "",
    "Contact Details": []
}