{
    "Title": "Website Tracking and Insights using Google Analytics, & Google Tag Manager",
    "Client Background": {
        "Client": "A leading marketing firm in the USA",
        "Industry Type": "Marketing",
        "Services": "Consulting, Software, Marketing Solutions",
        "Organization Size": "400+"
    },
    "The Problem": "",
    "Our Solution": "The main aim of this project is to assist the businesses to improve their website performance with the use of technologies like Google Analytics, Google Tag Manager and dashboards built on Whatagraph.",
    "Solution Architecture": "",
    "Deliverables": [],
    "Tech Stack": {},
    "Project Snapshots": {
        "": [
            "https://lh5.googleusercontent.com/Wpgr2q347oe9VPuyAwZxFs1_42Lci-U0HiLzk0mFhiDpAd6htDJoQghThgXMXcLb8_b1QltQvRnics6Vy5R93qyofVWEiYt494VQJLYANk12RoKuAiKmUKJn8jT0XSNPahvmLMAjqZx4darAqw"
        ]
    },
    "Project website url": "https://unite.ca/",
    "Summarize": "",
    "Contact Details": []
}