{
    "Title": "An ETL Solution for Currency Data to Google Big Query",
    "Client Background": {
        "Client": "A Leading Tech Firm in the USA",
        "Industry Type": "IT Consulting",
        "Services": "Software, Consulting",
        "Organization Size": "100+"
    },
    "The Problem": "",
    "Our Solution": "We have created a python program that can fetch pure-clear API data. The API data was in JSON format but we needed table format so we used python package pandas. We converted json data to tabular format using pandas. After that, we connected python code to google cloud using google’s authentication module and then stored data frame (table) directly to BigQuery using the “.to_gbq” method.",
    "Solution Architecture": "",
    "Deliverables": [],
    "Tech Stack": {},
    "Project Snapshots": {},
    "Project website url": "",
    "Summarize": "",
    "Contact Details": []
}