{
    "Title": "AI-Based Algorithmic Trading Bot for Forex",
    "Client Background": {
        "Client": "A leading trading firm in the USA",
        "Industry Type": "Finance",
        "Services": "Trading, Banking, Investment",
        "Organization Size": "100+"
    },
    "The Problem": "Pandas, numpy, scikit-learn, tensorflow, flask etc.",
    "Our Solution": "Pandas, numpy, scikit-learn, tensorflow, flask etc.",
    "Solution Architecture": "",
    "Deliverables": [],
    "Tech Stack": {},
    "Project Snapshots": {},
    "Project website url": "",
    "Summarize": "",
    "Contact Details": [
        "Here are my contact details:",
        "Email: ajay@blackcoffer.com",
        "Skype: asbidyarthy",
        "WhatsApp: +91 9717367468",
        "Telegram: @asbidyarthy",
        "For project discussions and daily updates, would you like to use Slack, Skype, Telegram, or Whatsapp? Please recommend, what would work best for you."
    ]
}