{
    "Title": "Analyzing the Impact of Female CEO Appointments on Company Stock Prices",
    "Client Background": {
        "Client": "A leading research institution worldwide",
        "Industry Type": "R&D",
        "Products & Services": "R&D, Higher Education",
        "Organization Size": "10000+"
    },
    "The Problem": "To find out if the appointment of a female CEO’s affected the stock prices of that company",
    "Our Solution": "To analyze whether the appointment of a female CEO affected the stock prices of a company, we followed these steps:",
    "Solution Architecture": "",
    "Deliverables": [
        "Hypothesis testing",
        "Statistical Models",
        "Business Insights"
    ],
    "Tech Stack": {
        "Tools used": [
            "– Python",
            "– VS Code",
            "– Pandas for data manipulation",
            "– Matplotlib or Seaborn for data visualization",
            "– StatsModels or Prophet for time-series modelling",
            "– scikit-learn for model evaluation"
        ],
        "Language/techniques used": [
            "– Python for programming",
            "– Time-series analysis techniques such as ARIMA, Exponential Smoothing, etc.",
            "– Data preprocessing techniques including handling missing values, data normalization, etc."
        ],
        "Models used": [
            "ARIMA"
        ],
        "Skills used": [
            "– Data manipulation and preprocessing using Pandas",
            "– Time-series modeling and analysis",
            "– Statistical analysis and interpretation",
            "– Data visualization using Matplotlib or Seaborn",
            "– Machine learning techniques for model evaluation",
            "– Python programming skills"
        ]
    },
    "Project Snapshots": {},
    "Project website url": "",
    "Summarize": "Summarized: https://blackcoffer.com/ This project was done by the Blackcoffer Team, a Global IT Consulting firm.",
    "Contact Details": [
        "This solution was designed and developed by Blackcoffer TeamHere are my contact details:Firm Name: Blackcoffer Pvt. Ltd.Firm Website: www.blackcoffer.comFirm Address: 4/2, E-Extension, Shaym Vihar Phase 1, New Delhi 110043Email: ajay@blackcoffer.comSkype: asbidyarthyWhatsApp: +91 9717367468Telegram: @asbidyarthy"
    ]
}