{
    "Title": "A Leading Firm in the USA, SEO and Website Optimization",
    "Client Background": {
        "Client": "A leading marketing firm in the USA",
        "Industry Type": "Marketing",
        "Services": "Marketing consulting",
        "Organization Size": "100+"
    },
    "The Problem": "",
    "Our Solution": "Website connected to Google Search Console successfully.",
    "Solution Architecture": "",
    "Deliverables": [],
    "Tech Stack": {},
    "Project Snapshots": {
        "": [
            "https://lh3.googleusercontent.com/Srg5Q0tyvyPInDVe8u1zzrwwqMi2KC7XDiqsJn_6xGwAs99_LkXqfZUe6MU854ERm9E0xnRkLFAYAC_qhLuvKxApVnSL0uwaDTKpzo4tv3UoWjSFYlKwp3cIZjctBbxQdsnUNEI=s0"
        ]
    },
    "Project website url": "",
    "Summarize": "",
    "Contact Details": []
}