{
    "Title": "CRM, Monday.com via Zapier to Power BI Dashboard",
    "Client Background": {
        "Client": "A leading solar panel firm in the USA",
        "Industry Type": "Energy",
        "Services": "Solar Panel",
        "Organization Size": "200+"
    },
    "The Problem": "",
    "Our Solution": "First, we check CRMs thoroughly and understand the work culture of his company. It was not easy to fetch data into PowerBI using API key. To fetch new leads from CRMs we used Zapier. The limitation of Zapier is it cannot fetch historical data into spreadsheet. So we download data from CRMs and fetch it into spreadsheet. For new leads we created zaps for every instance. After that we connect the spreadsheet with PowerBI and clean the data accordingly. Using that data, we build KPIs according to client need.",
    "Solution Architecture": "",
    "Deliverables": [],
    "Tech Stack": {},
    "Project Snapshots": {
        "": [
            "https://lh6.googleusercontent.com/OXnX-tTXFPyMCMSpdf5JUXrUAYGMutEuZQW70y876GowfPupygNcXTKticNks61hD5Zos5iOqz9TxahaGIwliZrcwin_qstpcM1OhydmU4dVx0ua583isU1aUtZL-XMMD5ZHRoYiEFcjqnFd2tqnZQ"
        ]
    },
    "Project website url": "",
    "Summarize": "",
    "Contact Details": [
        "Here are my contact details:",
        "Email: ajay@blackcoffer.com",
        "Skype: asbidyarthy",
        "WhatsApp: +91 9717367468",
        "Telegram: @asbidyarthy",
        "For project discussions and daily updates, would you like to use Slack, Skype, Telegram, or Whatsapp? Please recommend, what would work best for you."
    ]
}