{
    "Title": "Making a robust way to sync data from airtables to mongoDB using python – ETL Solution",
    "Client Background": {
        "Client": "A leading tech firm in the USA",
        "Industry Type": "IT Services",
        "Services": "SAAS services, Marketing services, Business consultant",
        "Organization Size": "100+"
    },
    "The Problem": "",
    "Our Solution": "Used Python and MongoDB module along with Airtable API to fetch all the data from airtables and push them to the database. Stayed in touch with the client through slack and asana completing daily tasks and applying a cronjob for the program to run on a scheduled time.",
    "Solution Architecture": "",
    "Deliverables": [],
    "Tech Stack": {},
    "Project Snapshots": {
        "": [
            "https://lh5.googleusercontent.com/0don4IWXXA2vJ6uog_PPIOIy_1gRbOUrBFjq5n9LrHGdDO03B5Uw8uh01FnmRAuvDUHzln98xfKit9myEKA371Bc2xvSbaY5BDn3nYe0b3R-neD8-Km1DaP_sBz9Snxxfam_2uXeQt4U_ndlRg"
        ]
    },
    "Project website url": "https://www.equilo.io/",
    "Summarize": "",
    "Contact Details": []
}