{
    "Title": "Stocktwits Data Structurization",
    "Client Background": {
        "Client": "A leading financial institution in the USA",
        "Industry Type": "Financial services & Consulting",
        "Services": "Financial consultant",
        "Organization Size": "100+"
    },
    "The Problem": "",
    "Our Solution": "Worked on Accessing Json Data, done tree Analysis on Json Sample data.",
    "Solution Architecture": "",
    "Deliverables": [],
    "Tech Stack": {},
    "Project Snapshots": {
        "": [
            "https://lh3.googleusercontent.com/_KGyNIkM44dVH14N0WYWdVXpZVK2glylEV4MPbVfTpGL0WqOvHJcLZAhyLtL4mZxoYmKY4CX9ZAY5htfgrob7CxvBQ3UU6-OhO1s_Ag-9b7c-WyDpdYuS040Zy6IQnmF-bGRuD0=s0"
        ]
    },
    "Project website url": "",
    "Summarize": "",
    "Contact Details": []
}