{
    "Title": "Marketing Tool to Notify Leads to Clients over Email and Phone",
    "Client Background": {
        "Client": "A leading Marketing firm in the USA",
        "Industry Type": "Marketing",
        "Services": "Marketing consulting",
        "Organization Size": "100+"
    },
    "The Problem": "",
    "Our Solution": "A working deployed automated tool that runs everyday in the morning hours and sends a report to the client. Tool is monitored everyday.",
    "Solution Architecture": "",
    "Deliverables": [],
    "Tech Stack": {},
    "Project Snapshots": {},
    "Project website url": "",
    "Summarize": "",
    "Contact Details": []
}