{
    "Title": "MetaBridges API Decentraland Integration – AR, VR",
    "Client Background": {
        "Client": "A leading tech firm in the USA",
        "Industry Type": "IT",
        "Services": "Consulting, Software, Blockchain, Metaverse",
        "Organization Size": "20+"
    },
    "The Problem": "",
    "Our Solution": "Configure  s3 bucket in aws account, create an user for s3 bucket api keys, and",
    "Solution Architecture": "",
    "Deliverables": [],
    "Tech Stack": {},
    "Project Snapshots": {},
    "Project website url": "",
    "Summarize": "",
    "Contact Details": []
}