{
    "Title": "Department-Wise KPI Tracking Dashboard with Technician Performance Analysis for AtoZ Dependable Service",
    "Client Background": {
        "Client": "A leading retail tech firm in the USA",
        "Industry Type": "Retail",
        "Products & Services": "Retail Businesses",
        "Organization Size": "100+"
    },
    "The Problem": "The organization has some services like sales, installs and services for many departments like drain, plumbing, excavation, hvac and bath. Organization wants to track some KPIs based on the given monthly target and tracking should be department wise or technician wise. The dashboard will show tracking the pace of KPIs so that they can understand how the organization is performing in each department in terms of number of jobs, revenue etc and also they want to understand  how technicians are working to achieve their monthly target. Dashboard has two basic views – one for admin persons and one for users only. When an admin person logged in to the web app he will see the dashboard as an iframe and he can filter date range, department, technician to see the progress of department and technicians. When a user logged in to the web app he will see the user dashboard view after  auto-filtering his name so that he can only view his data in the dashboard.",
    "Our Solution": "Define attributes and entities that needed to determine all the KPIs for tracking",
    "Solution Architecture": "",
    "Deliverables": [
        ">> Front-end component –",
        ">> Back-end components (in main/views.py)"
    ],
    "Tech Stack": {
        "Tools used": [
            "Django3.2,  LookerStudio"
        ],
        "Language/techniques used": [
            "Python, Html5, CSS, Jquery, Bootstrap4"
        ],
        "Skills used": [
            "Data visualisation, Database Optimized Queries, Form Validations, Tracking Algorithms"
        ],
        "Databases used": [
            "PostgreSQL"
        ],
        "Web Cloud Servers used": [
            "Linode VM"
        ]
    },
    "Project Snapshots": {
        "": [
            "https://lh7-rt.googleusercontent.com/docsz/AD_4nXdbKog__j0T6BHK-fXZbtmyc0B_3WujxOP_-s3vAuxgC7nN3j-cc6xQGsi_NFOq5Nk_ZLOF_rTDLiH6pPVlkkf0xGbbdqqsGBoS83WE8HlUqHv-_wmHF4ETQarjqfNhP8h2Edn0uebaR06lEg6C6j8meZXn5oBfsPxa4TRYXZljXOUSWWmrLXE?key=DtjG3VVE0jQtF6YLwbD8rw"
        ]
    },
    "Project website url": "atozscoreboard.com",
    "Summarize": "Summarized: https://blackcoffer.com/ This project was done by the Blackcoffer Team, a Global IT Consulting firm.",
    "Contact Details": [
        "This solution was designed and developed by Blackcoffer TeamHere are my contact details:Firm Name: Blackcoffer Pvt. Ltd.Firm Website: www.blackcoffer.comFirm Address: 4/2, E-Extension, Shaym Vihar Phase 1, New Delhi 110043Email: ajay@blackcoffer.comSkype: asbidyarthyWhatsApp: +91 9717367468Telegram: @asbidyarthy"
    ]
}