{
    "Title": "Incident Duration Prediction – Infrastructure and Real Estate",
    "Client Background": {
        "Client": "A leading research institution in the middle east",
        "Industry Type": "Research",
        "Services": "R&D",
        "Organization Size": "1000+"
    },
    "The Problem": "",
    "Our Solution": "Here, we had to predict the traffic incident duration with some machine learning tools and techniques i.e. XGBoost, SVR and Deep Learning algorithm using tensor flow. First two models were run on Python Interpreter whereas Deep learning model was run on R studio, all the three with the same dataset and then we had compared these models based on their MAE (mean absolute error). Initially, we had done a preliminary analysis of the collected incident duration data, to collect the statistical characteristics of all the variables used in our research.",
    "Solution Architecture": "",
    "Deliverables": [],
    "Tech Stack": {},
    "Project Snapshots": {
        "": [
            "https://lh3.googleusercontent.com/pmfw_AlleTsuQePjU3t2fVDN0rLQggAlZuol3_tQwVUXrq6BBF1hl37S7L2KQAiPkdrogUai1-ElpCAQkQ7_HbweAS6zUTu4ZHBDmZdbpiQ1QMs94Zb_T6GRpGRl9ifN3TIF2z3D"
        ]
    },
    "Project website url": "",
    "Summarize": "",
    "Contact Details": []
}