{
    "Title": "Efficient Coach Allocation System for Sports Coaching Organization",
    "Client Background": {
        "Client": "A leading sports tech firm in the USA",
        "Industry Type": "Sports",
        "Products & Services": "IT Consulting, Sports SaaS, Sports Management",
        "Organization Size": "100+"
    },
    "The Problem": "The sports coaching organization, Esra Salih, faced the challenge of efficiently allocating coaches to various programs across different schools. The allocation process was previously manual and inefficient, leading to inadequate coach-program matching and inefficient use of coaches’ time. The organization needed a system that could automatically assign coaches to programs based on specific criteria such as coach availability, program preferences, and the number of students enrolled in each program.",
    "Our Solution": "We developed a custom system that divides the academic year into different terms and assigns coaches to programs based on a set of criteria. The system filters coaches based on their preferences and allocates them to programs efficiently. It ensures that coaches do not have to travel excessively and that their total work time does not exceed a certain threshold. Once a coach is assigned to a program, they are allocated for subsequent program days, ensuring consistency.",
    "Solution Architecture": "",
    "Deliverables": [],
    "Tech Stack": {
        "Tools used": [
            "Python: The primary programming language.",
            "Anaconda: The Python distribution used for data analysis and machine learning.",
            "Visual Studio Code: The code editor used during development.",
            "Google App Script for deployment integrated with Google Sheets"
        ],
        "Language/techniques used": [
            "Python"
        ],
        "Models used": [
            "Constrained Vehicle Routing Problem with Time Windows (CVRP-TW)"
        ],
        "Skills used": [
            "Data Analysis",
            "Machine Learning",
            "Optimization Algorithms",
            "Python Programming"
        ],
        "Databases used": [
            "CSV, Google Sheets: The data will initially be stored in a CSV file, which can be easily imported into Python using libraries like pandas."
        ]
    },
    "Project Snapshots": {},
    "Project website url": "https://docs.google.com/spreadsheets/d/1nK-CknGIAVZkv0qUdHsRCdB5R6d86SLruqZWCN4OTT0/edit?usp=sharing",
    "Summarize": "Summarized: https://blackcoffer.com/ This project was done by the Blackcoffer Team, a Global IT Consulting firm.",
    "Contact Details": [
        "This solution was designed and developed by Blackcoffer TeamHere are my contact details:Firm Name: Blackcoffer Pvt. Ltd.Firm Website: www.blackcoffer.comFirm Address: 4/2, E-Extension, Shaym Vihar Phase 1, New Delhi 110043Email: ajay@blackcoffer.comSkype: asbidyarthyWhatsApp: +91 9717367468Telegram: @asbidyarthy"
    ]
}