{
    "Title": "A Leading Law Firm in the USA, Website SEO & Optimization",
    "Client Background": {
        "Client": "A leading marketing firm in the USA",
        "Industry Type": "Marketing",
        "Services": "Marketing consulting",
        "Organization Size": "100+"
    },
    "The Problem": "",
    "Our Solution": "Website connected to Google Search Console, Google Analytics and Facebook Pixel successfully.",
    "Solution Architecture": "",
    "Deliverables": [],
    "Tech Stack": {},
    "Project Snapshots": {},
    "Project website url": "",
    "Summarize": "",
    "Contact Details": []
}