{
    "Title": "Cloud-Based Data Modeling and Analysis Platform with Drag-and-Drop Interface and OpenAI API Integration for Simulation Insights",
    "Client Background": {
        "Client": "A leading IT & tech firm in the USA",
        "Industry Type": "IT",
        "Products & Services": "IT Consulting, IT Support, SaaS",
        "Organization Size": "100+"
    },
    "The Problem": "",
    "Our Solution": "Develop a web-based application using frameworks like React for the frontend and Node.js for the backend. Establish secure methods for database access and data handling. Initially, run statistical analyses using Python and update the interface with results including Mean AUC, Mean Accuracy, Mean Log-Likelihood, Coefficients with p-values, Intercept, BIC, AIC, Y_pred, Y_test, and X_test. Allow users to visualize the dataset with different charts, such as heatmaps, line charts, and actual vs. predicted values. Over time, automate these analyses by integrating Python scripts with the backend. Deploy the application on Google Cloud, ensuring the solution supports different user roles and permissions, with robust testing and scalable infrastructure. Provide features for users to perform simulations and gain insights based on the analysis results.",
    "Solution Architecture": "",
    "Deliverables": [
        "Data Analysis Integration:",
        "Metrics and Results:",
        "Data Visualization:",
        "API Endpoints and Descriptions:"
    ],
    "Tech Stack": {
        "Tools used": [
            "Google Cloud, VScode, MongoDB"
        ],
        "Language/techniques used": [
            "Flask framework, Python language, MongoDB as Database, OpenAI API"
        ],
        "Models used": [],
        "Logistic Model": [],
        "Ordinal logistic Model": [],
        "Nominal logistic Model": [],
        "Poisson regression Model": [],
        "Multiple regression Model": [],
        "Mixed Model": [],
        "Cox Model": [],
        "Survival Model": [],
        "Skills used": [
            "Prompt engineering, flask, data modelling."
        ],
        "Databases used": [
            "MongoDB"
        ],
        "Web Cloud Servers used": [
            "Google Cloud"
        ]
    },
    "Project Snapshots": {},
    "Project website url": "https://test.aidprofit.com",
    "Summarize": "Summarized: https://blackcoffer.com/ This project was done by the Blackcoffer Team, a Global IT Consulting firm.",
    "Contact Details": [
        "This solution was designed and developed by Blackcoffer TeamHere are my contact details:Firm Name: Blackcoffer Pvt. Ltd.Firm Website: www.blackcoffer.comFirm Address: 4/2, E-Extension, Shaym Vihar Phase 1, New Delhi 110043Email: ajay@blackcoffer.comSkype: asbidyarthyWhatsApp: +91 9717367468Telegram: @asbidyarthy"
    ]
}