{
    "Title": "Voter Profile Analysis and Search Application for Targeted Campaign Engagement Using Government Voter Data",
    "Client Background": {
        "Client": "A leading IT & tech firm in the USA",
        "Industry Type": "IT",
        "Products & Services": "IT Consulting, IT Support, SaaS",
        "Organization Size": "200+"
    },
    "The Problem": "We are developing a new application that leverages the voter file provided by the government. This application is designed to facilitate in-depth analysis and searches within the voter database, allowing users to identify and understand individual voter profiles using a range of search criteria. A key feature of this application is the ability to view comprehensive voter profiles and update specific information, primarily focusing on the voter’s support for our candidate. This tool aims to enhance political campaign strategies through more efficient and targeted voter engagement.",
    "Our Solution": "Developed a high-performance, end-to-end application for US elections utilising the Flask backend, React frontend, and Elasticsearch database. Successfully handled 600,000+ user data with optimised low-latency search capabilities, with a response time cut down to 2 seconds. Leveraged advanced techniques to ensure rapid retrieval and processing of critical voter information, enhancing electoral efficiency.",
    "Solution Architecture": "",
    "Deliverables": [],
    "Tech Stack": {
        "Tools used": [
            "ReactJS, Flask, Redux, Tailwind CSS, Elasticsearch"
        ],
        "Language/techniques used": [
            "JavaScript, Python"
        ],
        "Skills used": [
            "Full Stack Development"
        ],
        "Databases used": [
            "Elasticsearch"
        ],
        "Web Cloud Servers used": [
            "Azure"
        ]
    },
    "Project Snapshots": {
        "": [
            "https://lh7-rt.googleusercontent.com/docsz/AD_4nXcjAZikcr7b0HkOeXih7IPPgbdEbfkhmjkwSoQ3GQ8ZHUOHBhB8QBSR5hClDvriw7rY8l2MdIIh1Qhk7XgUP1aJDXCTxGM9gbQnoarj1gEiQJ4C-RP2jLFskscF70aF56EaU8YWLXK65wd94Yjl0E0elltnvTPRqRCfRgXL9eGTfvOVMoVdmEU?key=jfohRESPH6Mhu1kACI7LGA"
        ]
    },
    "Project website url": "https://votersearch.pinswork2.com",
    "Summarize": "Summarized: https://blackcoffer.com/ This project was done by the Blackcoffer Team, a Global IT Consulting firm.",
    "Contact Details": [
        "This solution was designed and developed by Blackcoffer TeamHere are my contact details:Firm Name: Blackcoffer Pvt. Ltd.Firm Website: www.blackcoffer.comFirm Address: 4/2, E-Extension, Shaym Vihar Phase 1, New Delhi 110043Email: ajay@blackcoffer.comSkype: asbidyarthyWhatsApp: +91 9717367468Telegram: @asbidyarthy"
    ]
}