{
    "Title": "An ETL solution for an Internet Publishing firm",
    "Client Background": {
        "Client": "A leading internet publishing firm in Singapore and Australia",
        "Industry Type": "Internet Publishing",
        "Services": "peer-to-peer car sharing platform where you can rent a large variety of cars, always nearby at great value",
        "Organization Size": "100+"
    },
    "The Problem": "",
    "Our Solution": "To fetch all call logs using zendesk api we used python language in programming. When we checked call details in the zendesk api, the details were in json format which is very tough to understand the calls details. So first we have fetched only needed details (call made from person, to person and call timing) converted into tabular format. In tabular format it was easy to identify call details.",
    "Solution Architecture": "",
    "Deliverables": [],
    "Tech Stack": {},
    "Project Snapshots": {
        "": [
            "https://lh6.googleusercontent.com/VU-Z5kuyiEy7yvFnTeI0sdrT_S8Af67afayRnv5n3q3sSYOLgSD4ktXJWlOzc8zZ_naBEJpFb979isA6f8YYD3i7zcA7bkZ5x1HojQuvadnC67GJYdzDk2RNi5ccYiYtAhluf0GDy7g58MP2BGIjXw"
        ]
    },
    "Project website url": "",
    "Summarize": "",
    "Contact Details": [
        "Here are my contact details:",
        "Email: ajay@blackcoffer.com",
        "Skype: asbidyarthy",
        "WhatsApp: +91 9717367468",
        "Telegram: @asbidyarthy",
        "For project discussions and daily updates, would you like to use Slack, Skype, Telegram, or Whatsapp? Please recommend, what would work best for you."
    ]
}