{
    "Title": "Healthcare AI ChatBot using LLAMA, LLM, Langchain",
    "Client Background": {
        "Client": "A leading healthcare tech firm in the USA",
        "Industry Type": "Healthcare",
        "Products & Services": "Healthcare Solution",
        "Organization Size": "1000+",
        "Overview": "The AI chatbot is required to assist eye care patients with various tasks, including booking appointments, tracking lens order statuses, reviewing patient dues, sending statements, and answering general questions about their eye exams and the practice.",
        "Requirements": "",
        "Solution Overview": "Develop and deploy a custom-trained AI chatbot using an open-source LLM model (such as Llama) to assist eye care patients. This solution will be implemented as a SaaS offering, enabling multiple hospitals and practices to utilize the chatbot. The project will include the training of the LLM model on custom data, development of APIs for dynamic data interaction, and deployment on optimized servers.",
        "Steps": "",
        "LLM Model": "",
        "Backend": "",
        "Deployment": "",
        "APIs": "",
        "Patient": "Let’s book the Monday, 10:00 AM appointment.",
        "ChatBot": "Alright! Can you please confirm the following details?"
    },
    "The Problem": "",
    "Our Solution": "",
    "Solution Architecture": "",
    "Deliverables": [],
    "Tech Stack": {},
    "Project Snapshots": {},
    "Project website url": "",
    "Summarize": "",
    "Contact Details": []
}