{
    "Title": "Google Local Service Ads (LSA) Data Warehouse",
    "Client Background": {
        "Client": "A leading Marketing firm in the USA",
        "Industry Type": "Marketing",
        "Services": "Marketing consulting",
        "Organization Size": "100+"
    },
    "The Problem": "",
    "Our Solution": "Get list of companies to monitor along with their LSA URL",
    "Solution Architecture": "",
    "Deliverables": [],
    "Tech Stack": {},
    "Project Snapshots": {},
    "Project website url": "",
    "Summarize": "",
    "Contact Details": []
}