{
    "Title": "AWS QuickSight Reporting Dashboard",
    "Client Background": {
        "OverviewAs a Singapore and Australia based startup, Drive lah (known as Drive mate in Australia) is a peer-to-peer car sharing platform where you can rent a large variety of cars, always nearby at great value. All trips on Drive lah are comprehensively insured through our insurance partners so car owners don’t have to worry about their insurance. The idea is simple": "car ownership is expensive in Singapore (per month yet only use the car 5% of the time – cars are mostly parked. With Drive lah you can reduce the cost of ownership by renting it out when you don’t need it in a safe way. Renters can rent those cars when they are not used by their owners at good value.In a fast-growing non-ownership economy where taxi, food, beauty is available on-demand, Drive lah is envisioning to take the lead in distance travel and simplifying car access",
        "Websitehttp": "//www.drivelah.sgCompany size11-50 employeesFounded2019"
    },
    "The Problem": "",
    "Our Solution": "For Performance Metrics, we suggested that we will Code for each Metric & will store them in a Table on AWS RDS which will be directly synced to the AWS Quick Sight for Performance Evaluations.",
    "Solution Architecture": "",
    "Deliverables": [],
    "Tech Stack": {},
    "Project Snapshots": {
        "": [
            "https://lh6.googleusercontent.com/msZawF-tXkIhwi8yLBdw4avg8QCHIFJVOTkaEfWJUOp-C3ehNWLv4YHz5KKKwS5Ch3A1gwyiGK6S1gJ62aigUB6y8XmNebT5fk19SLSZTq8wrFvOyGAoydd144cW-4znW72v0uZ9"
        ]
    },
    "Project website url": "",
    "Summarize": "",
    "Contact Details": []
}