{
    "Title": "Data integration and big data performance using Elasticsearch",
    "Client Background": {
        "Client": "A Leading Tech Firm in the USA",
        "Industry Type": "IT & Consulting",
        "Services": "Software, Business Solutions, Consulting",
        "Organization Size": "200+"
    },
    "The Problem": "",
    "Our Solution": "Elasticsearch",
    "Solution Architecture": "",
    "Deliverables": [],
    "Tech Stack": {},
    "Project Snapshots": {
        "": [
            "https://lh4.googleusercontent.com/GmfhNzn3Mo0Ay9iV64f6YDj556pqZjuMpaO9vZ0E-UkKL2WtzzAzcpaFvLaGDaQ1dBqaIBWEEoyPjnTtXZPEny2rIYO4K0ZWtPZNZv84h3DxJ8J1kFUb5VNGLH0UOHv-cmOq0WLWFhiMhWiphA"
        ]
    },
    "Project website url": "",
    "Summarize": "",
    "Contact Details": []
}