{
    "Title": "Data Warehouse to Google Data Studio (Looker) Dashboard",
    "Client Background": {
        "Client": "A leading tech firm in the USA",
        "Industry Type": "IT",
        "Services": "SaaS, Products, healthcare, government, energy",
        "Organization Size": "100+"
    },
    "The Problem": "Our client needed a Google Data Studio dashboard for different sectors such as Oil and Gas, Government, Healthcare, and Sales analysis. They want to see an analysis of data from which they can provide insights in different domains. They want us to create visual KPIs of meaningful insights.",
    "Our Solution": "They provided us with data for different sectors. Using those data first we analyze the data and perform EDA on data for cleaning the data. After cleaning the data, we performed calculations to extract insights for KPIs. Using those KPIs we build a dashboard on Oil and Gas, Government, Healthcare, and Sales analysis.",
    "Solution Architecture": "",
    "Deliverables": [],
    "Tech Stack": {},
    "Project Snapshots": {
        "": [
            "https://lh5.googleusercontent.com/oxnganUPfEOINuouU7qmnZPKh6rjB6_qUODd3viuxjNWQGQr7qPk1-nCha--AiDUDXwL4Bff5DldUfARxd9RHaxV0S8xGhtlgE7u5nhAGBSwTUKLdnx-JoW3j3Q_hHjboEkW9Yt63FwszEkRkw9crQ"
        ]
    },
    "Project website url": "https://datastudio.google.com/reporting/dda94ce8-5b77-46aa-a1e0-1a57ccaef5f9",
    "Summarize": "",
    "Contact Details": [
        "Here are my contact details:",
        "Email: ajay@blackcoffer.com",
        "Skype: asbidyarthy",
        "WhatsApp: +91 9717367468",
        "Telegram: @asbidyarthy",
        "For project discussions and daily updates, would you like to use Slack, Skype, Telegram, or Whatsapp? Please recommend, what would work best for you."
    ]
}