{
    "Title": "Real-time dashboard to monitor infrastructure activity and Machines",
    "Client Background": {
        "Client": "A leading tech firm in Europe",
        "Industry Type": "IT",
        "Services": "Software Services",
        "Organization Size": "30+"
    },
    "The Problem": "",
    "Our Solution": "Development hosted URL",
    "Solution Architecture": "",
    "Deliverables": [],
    "Tech Stack": {},
    "Project Snapshots": {
        "": [
            "https://lh6.googleusercontent.com/tbdrwXE64LXa1OfXCsWXY8gwjZMWZnRZFPa8NVzjaBC6w8vNo1AJ6_NnMMa1VQfOPyieA9gOrStHPmoUXVpRreLaWEnHDoLybIgSegMhA15wEBwELptpBcY6l2soaq9e85ii7OHM"
        ]
    },
    "Project website url": "Development hosted URL",
    "Summarize": "",
    "Contact Details": []
}