{
    "Title": "QuickBooks dashboard to find patterns in finance, sales, and forecasts",
    "Client Background": {
        "Client": "A leading marketing firm in the USA",
        "Industry Type": "Marketing",
        "Services": "e-commerce, retail business, marketing",
        "Organization Size": "100+"
    },
    "The Problem": "",
    "Our Solution": "Collecting data tables from data sources :",
    "Solution Architecture": "",
    "Deliverables": [],
    "Tech Stack": {},
    "Project Snapshots": {},
    "Project website url": "",
    "Summarize": "",
    "Contact Details": []
}