{
    "Title": "Cloud-Based Web Application for Financial Data Processing and Visualization of S&P 500 Metrics",
    "Client Background": {
        "Client": "A leading fintech firm in the USA",
        "Industry Type": "Finance",
        "Products & Services": "Financial Services, Trading & Investment",
        "Organization Size": "100+"
    },
    "The Problem": "Requirements:",
    "Our Solution": "The trading training application combines the robust backend of Django integrated with yfinance for real-time financial data retrieval and analysis. Users access the platform through a secure login system, where subscription-based features offer advanced trading insights and tools. The frontend, developed in React, provides a dynamic and intuitive dashboard interface. This setup not only enhances user engagement with interactive charts, portfolio management tools, and customizable trading strategies but also ensures seamless integration between data visualization and backend functionalities. Whether users are novice investors or seasoned traders, the application serves as a comprehensive resource for learning and practicing trading strategies in a user-friendly environment.",
    "Solution Architecture": "",
    "Deliverables": [],
    "Tech Stack": {
        "Tools used": [
            "Frontend and Backend Frameworks,"
        ],
        "Language/techniques used": [
            "Python  3.9 or higher",
            "NodeJs 16",
            "Yahoo finance",
            "Django 3.2",
            "React"
        ],
        "Skills used": [
            "Stock Visualisation",
            "Portfolio Management",
            "High level Database queries",
            "Scheduled Database queries for latest stock data"
        ],
        "Databases used": [
            "PostgreSQL",
            "MongoDB"
        ],
        "Web Cloud Servers used": [
            "Google VM"
        ]
    },
    "Project Snapshots": {
        "": [
            "https://lh7-rt.googleusercontent.com/docsz/AD_4nXcEZMJQ6kwv92RRXJkP_LnvSWqNnlyKqtgOoEIEkYWJ6PPbippoz-pfzaGPA9F0m1LpLuWHJ71bty1IoYkfIkSM8TQpWDF2My0D9CQcrERzW1ts90xUwX5pc0LMTa-SvNJDcBiJljYECu-JoMIGjUZJOaZQeOCuK4r6RGRc?key=p5rs8SevFSMfAW4Gq2gb8A"
        ]
    },
    "Project website url": "https://backend.nhptrainer.com/admin/",
    "Summarize": "Summarized: https://blackcoffer.com/ This project was done by the Blackcoffer Team, a Global IT Consulting firm.",
    "Contact Details": [
        "This solution was designed and developed by Blackcoffer TeamHere are my contact details:Firm Name: Blackcoffer Pvt. Ltd.Firm Website: www.blackcoffer.comFirm Address: 4/2, E-Extension, Shaym Vihar Phase 1, New Delhi 110043Email: ajay@blackcoffer.comSkype: asbidyarthyWhatsApp: +91 9717367468Telegram: @asbidyarthy"
    ]
}