{
    "Title": "Healthcare Data Analysis",
    "Client Background": {
        "Client": "A leading healthcare tech firm in the USA",
        "Industry Type": "Healthcare Consulting",
        "Services": "Management consultant",
        "Organization Size": "100+"
    },
    "The Problem": "",
    "Our Solution": "Approach",
    "Solution Architecture": "",
    "Deliverables": [],
    "Tech Stack": {},
    "Project Snapshots": {
        "": [
            "https://lh4.googleusercontent.com/jT2TA7b4fgXnwst79ukp3NcDJmcV5w1iLez09HKr6lEly2zRqeqf40xzxsmyruRWO66Oz-6Ia-OhZ9kpJqXiLNAEaM4rFpg_xNvHGvqAQqAEYsGv20zNae5v9ItnvEjQ1T5cbYY"
        ]
    },
    "Project website url": "https://colab.research.google.com/drive/1mo7i32BoEVb0Ac6_CWwJd7_HVbliktx0?usp=sharing",
    "Summarize": "",
    "Contact Details": []
}