{
    "Title": "Electric Vehicles (EV) Load Management System to Forecast Energy Demand",
    "Client Background": {
        "Client": "A leading energy consulting firm in the USA",
        "Industry Type": "Energy",
        "Services": "Energy solutions, Consultancy",
        "Organization Size": "100+"
    },
    "The Problem": "",
    "Our Solution": "We converted the user’s plugin data into binary values like 0 if the user hasn’t plugged-in his vehicle on that day and 1 if he plugged-in. We identified the driven distance based on the amount of charge used between two plug-in times. Then we trained the Ridge Regression ML model for identifying each day driven kilometer. From these kilometres we have identified the probability that user’s will plug-in today and it will increase day by day till the user does not plug-in his vehicle.",
    "Solution Architecture": "",
    "Deliverables": [],
    "Tech Stack": {},
    "Project Snapshots": {
        "": [
            "https://lh3.googleusercontent.com/56BeGHuoHUYpEx3MKSmBbq2ZeG3HgEX4pnMdKy2uhtGIjD0-eboI1X1z0fDTArWraED0bpfgW4y4JhQJTrqlRvKaOVvyKOBNH20-vysF-DQhIYSk1E7VGfcMiek2SwkDuxiPPujc"
        ]
    },
    "Project website url": "",
    "Summarize": "",
    "Contact Details": []
}