{
    "Title": "Google Local Service Ads Missed Calls and Messages Automation Tool",
    "Client Background": {
        "Client": "A leading Marketing firm in the USA",
        "Industry Type": "Marketing",
        "Services": "Marketing consulting",
        "Organization Size": "100+"
    },
    "The Problem": "",
    "Our Solution": "To provide data real time, schedule the tool to check for data every 5 minutes.",
    "Solution Architecture": "",
    "Deliverables": [],
    "Tech Stack": {},
    "Project Snapshots": {},
    "Project website url": "",
    "Summarize": "",
    "Contact Details": []
}