{
    "Title": "Building a Real-Time Log File Visualization Dashboard in Kibana",
    "Client Background": {
        "Client": "A leading IT Tech firm in the USA",
        "Industry Type": "IT",
        "Products & Services": "IT Consulting, Support, IT Development",
        "Organization Size": "300+"
    },
    "The Problem": "To create a dashboard that visualizes log files in Kibanna",
    "Our Solution": "1. Export Log Data:",
    "Solution Architecture": "",
    "Deliverables": [
        "Kibana Dashboard"
    ],
    "Tech Stack": {
        "Tools used": [
            "-Elasticsearch, Logstash, or Beats (ELK stack).",
            "",
            "– Python interpreter, VSCode, Jupyter Notebook.",
            "",
            "– Python with libraries such as `re`, `collections`, and `pandas`.",
            "",
            "– `matplotlib` or `seaborn` for creating visualizations.",
            "",
            "– CSV, JSON, or other suitable formats.",
            "",
            "– Elasticsearch Python client or manual import via Kibana’s interface.",
            "",
            "– Built-in visualization and dashboarding capabilities of Kibana."
        ]
    },
    "Project Snapshots": {},
    "Project website url": "",
    "Summarize": "Summarized: https://blackcoffer.com/ This project was done by the Blackcoffer Team, a Global IT Consulting firm.",
    "Contact Details": [
        "This solution was designed and developed by Blackcoffer TeamHere are my contact details:Firm Name: Blackcoffer Pvt. Ltd.Firm Website: www.blackcoffer.comFirm Address: 4/2, E-Extension, Shaym Vihar Phase 1, New Delhi 110043Email: ajay@blackcoffer.comSkype: asbidyarthyWhatsApp: +91 9717367468Telegram: @asbidyarthy"
    ]
}