{
    "Title": "An app for updating the email id of the user and stripe refund tool using retool",
    "Client Background": {
        "Client": "A Leading Healthcare Tech Firm in the USA",
        "Industry Type": "Healthcare",
        "Services": "Healthcare Solutions",
        "Organization Size": "200+"
    },
    "The Problem": "",
    "Our Solution": "We create the following two apps in retool",
    "Solution Architecture": "",
    "Deliverables": [],
    "Tech Stack": {},
    "Project Snapshots": {
        "": [
            "https://lh5.googleusercontent.com/oDzi1491iN9HAIsHxHGH2xGyPMLi9DZJ0HvcbcxLBw6hdu1R0Lm6rxfGX983uSDfNVX1Lfs6c5YW0Mx0otoAC-_80eGeHGY1zxnHc2jFEIPAAXc0IthXufZGqNCqB2R97TEBlXz-TnDX8tHMiw"
        ]
    },
    "Project website url": "An AI ML-based web application that detects the correctness of text in a given video",
    "Summarize": "",
    "Contact Details": []
}