{
    "Title": "Dashboard to track the analytics of the website using Google Analytics and Google Tag Manager",
    "Client Background": {
        "Client": "A Automobile firm in India",
        "Industry Type": "Automobile",
        "Services": "Retail, Automobile",
        "Organization Size": "1000+"
    },
    "The Problem": "",
    "Our Solution": "The main aim of this project is to display the event flow, user flow and behaviour flow through dashboards and analyse them to work on the areas of improvements.",
    "Solution Architecture": "",
    "Deliverables": [],
    "Tech Stack": {},
    "Project Snapshots": {
        "": [
            "https://lh4.googleusercontent.com/IsBjG3fIPXlRxXj6oZ13FTteXzyPogcf-xzBRlwpjQGw-lYVjdA_VbzfFx3uWrA1-CANPpCPgIqsdXACwF8P57bhP3a4lDQPYv6aCKiqtlmb6_t0NHVGmg36k7OHZK-PVa0Lq1-KEe_QOz3qkA"
        ]
    },
    "Project website url": "https://www.renault.co.in/",
    "Summarize": "",
    "Contact Details": []
}