{
    "Title": "Lipsync Automation for Celebrities and Influencers",
    "Client Background": {
        "Client": "A leading tech firm in India",
        "Industry Type": "Entertainment",
        "Services": "B2C",
        "Organization Size": "100+"
    },
    "The Problem": "",
    "Our Solution": "We have created two different files which will perform 2 different operations 1st will replace the original audio with new and extract only video from original. 2nd will take the muted video and replaced audio and we will get the output of the new replaced audio lipsync. This is done by pre-defined model Wav2Lip on github.",
    "Solution Architecture": "",
    "Deliverables": [],
    "Tech Stack": {},
    "Project Snapshots": {
        "": [
            "https://lh4.googleusercontent.com/0VdoM43ORkuaMH1R4Lf0oR6E2gh6YGPnxab5GitnGZKqCfgWPJQBJrs2zYNAz_X-hfcwvSEBOWvi6pzf6H1NpKQUXZwkpoJnT2FC7-e7GQqXsL0EC9fVT8QPvGZGjAEMTtpsHyw=s0"
        ]
    },
    "Project website url": "https://colab.research.google.com/drive/18mlREpLmV9hj-uDfufkGJ_-m_E37Hct9?usp=sharing",
    "Summarize": "",
    "Contact Details": []
}