{
    "Title": "AI and NLP-based Solutions to Automate Data Discovery for Venture Capital and Private Equity Principals",
    "Client Background": {
        "Client": "A leading Venture Capital and Private Equity Principals in the Globe",
        "Industry Type": "Venture Capital and Private Equity Principals",
        "Services": "Private Equity, Venture Capital, Data Analysis, Fund Performance, Alternative Assets, Competitive Intelligence, Limited Partners, Customized Benchmarks, Service Providers, Fund of Funds, M&A, and Financial Services",
        "Organization Size": "100+"
    },
    "The Problem": "Flask, Spacy, NLTK, pandas, numpy, transformers, elasticsearch etc.",
    "Our Solution": "Flask, Spacy, NLTK, pandas, numpy, transformers, elasticsearch etc.",
    "Solution Architecture": "",
    "Deliverables": [],
    "Tech Stack": {},
    "Project Snapshots": {
        "": [
            "https://lh6.googleusercontent.com/4KF4D0ptfW1yLkdLMFH6bghJzYV85YIX5E9ENbULbeHU1E-p2hoLlDkY7oyRknrzjmRHQqYGeEt074Ccys8qSno76rJV7BSbRyXGT81pGr3_s4PB7wpwx_nUjqezAI8qWJJsadcG6KtTf68Ls8quZA"
        ]
    },
    "Project website url": "",
    "Summarize": "",
    "Contact Details": [
        "Here are my contact details:",
        "Email: ajay@blackcoffer.com",
        "Skype: asbidyarthy",
        "WhatsApp: +91 9717367468",
        "Telegram: @asbidyarthy",
        "For project discussions and daily updates, would you like to use Slack, Skype, Telegram, or Whatsapp? Please recommend, what would work best for you."
    ]
}