{
    "Title": "Analyzing the Impact of Positive Emotions and Pandemic Severity on Mental Health and Resilience Among Entrepreneurs: Insights and Predictive Modeling",
    "Client Background": {
        "Client": "A leading research institution in the USA",
        "Industry Type": "R&D",
        "Products & Services": "Research, Higher Education",
        "Organization Size": "20000+"
    },
    "The Problem": "Faced challenges in understanding the impact of positive emotions and perceived severity of the pandemic on mental health and resilience among entrepreneurs. The goal was to provide a detailed analysis and predictive models to help comprehend these interactions and their implications.",
    "Our Solution": "We developed a comprehensive solution involving descriptive, inquisitive, and predictive analytics. This included formulating hypotheses, performing exploratory factor analysis, designing predictive models, and visualizing interactions through graphs and tables. Our solution aimed to provide actionable insights into the relationships between positive emotions, perceived severity of the pandemic, and mental health.",
    "Solution Architecture": "",
    "Deliverables": [
        " Descriptive statistics table",
        " Fit statistics table for hypothesized and modified models",
        " SEM results with coefficients and interaction effects",
        " Visualizations of interactions between resiliency, perceived severity of the pandemic, positive emotions, and mental health",
        " Comprehensive report with charts, tables, results, and methodology"
    ],
    "Tech Stack": {
        "Tools used": [
            "Jupyter Notebook, Python Libraries"
        ],
        "Language/techniques used": [
            "Python, Exploratory Factor Analysis, Regression Analysis,"
        ],
        "Models used": [
            "Ordinary Least Squares (OLS), Factor Analysis, Structural Equation Model (SEM)"
        ],
        "Skills used": [
            "Data preprocessing, feature engineering, statistical analysis, model evaluation, data visualization."
        ],
        "Databases used": [
            "CSV files containing survey data."
        ]
    },
    "Project Snapshots": {
        "": [
            "https://lh7-rt.googleusercontent.com/docsz/AD_4nXcryCNLcxI6TJneVw06Mobg0P-G6w309HmXX3UkiAKUoatcD8oCjieDnRvv46LdngESKIXtNHnbEkww8LN42bo6Ms83ko_IoZZ7XLaEhIKyWD2Cf2Vx2ZJzT2S0UR1DdDhB6UPJYripmhe12O2rcCG01yE5ooOKHAZzn1NkwkdFwoypmoG7HM0?key=Or4_WJCDlTAdbhMvlpPYkg"
        ]
    },
    "Project website url": "https://github.com/AjayBidyarthy/Jean-Kabongo-Research-Project",
    "Summarize": "Summarized: https://blackcoffer.com/ This project was done by the Blackcoffer Team, a Global IT Consulting firm.",
    "Contact Details": [
        "This solution was designed and developed by Blackcoffer TeamHere are my contact details:Firm Name: Blackcoffer Pvt. Ltd.Firm Website: www.blackcoffer.comFirm Address: 4/2, E-Extension, Shaym Vihar Phase 1, New Delhi 110043Email: ajay@blackcoffer.comSkype: asbidyarthyWhatsApp: +91 9717367468Telegram: @asbidyarthy"
    ]
}