{
    "Title": "Recommendation Engine for Insurance Sector to Expand Business in the Rural Area",
    "Client Background": {
        "Client": "A leading insurance firm in the globe",
        "Industry Type": "Insurance",
        "Services": "SaaS, Products, Insurance",
        "Organization Size": "10000+"
    },
    "The Problem": "",
    "Our Solution": "This Project Module develops according to the Clients Requirements which involves item-based collaborative filtering based on customer behaviour, Firstly classify the customers into various segments on the basis of age, location, gender, and product usage. On the basis of RFM (marketing tactics to classify the customer on the basis of their purchase history, amount spend, and frequency of usage of product) classify them and recommend them the other services based on item-based collaborative filtering.",
    "Solution Architecture": "",
    "Deliverables": [],
    "Tech Stack": {},
    "Project Snapshots": {},
    "Project website url": "",
    "Summarize": "",
    "Contact Details": [
        "Here are my contact details:",
        "Email: ajay@blackcoffer.com",
        "Skype: asbidyarthy",
        "WhatsApp: +91 9717367468",
        "Telegram: @asbidyarthy",
        "For project discussions and daily updates, would you like to use Slack, Skype, Telegram, or Whatsapp? Please recommend, what would work best for you."
    ]
}