{
    "Title": "Medical Classification",
    "Client Background": {
        "Client": "A Leading Tech Firm in the USA",
        "Industry Type": "IT Consulting",
        "Services": "Software, Consulting",
        "Organization Size": "100+"
    },
    "The Problem": "",
    "Our Solution": "We have created a python script that can compare all medical research paper text to research phrases and annot 0 if research phrases are not present in a medical research paper and 1 if research phrases present in medical research paper.",
    "Solution Architecture": "",
    "Deliverables": [],
    "Tech Stack": {},
    "Project Snapshots": {},
    "Project website url": "",
    "Summarize": "",
    "Contact Details": []
}