{
    "Title": "BERT-Based Classification of Individuals and Organizations into Two Categories Using Natural Language Processing",
    "Client Background": {
        "Client": "A leading IT & tech firm in the USA",
        "Industry Type": "IT",
        "Products & Services": "IT Consulting, IT Support, SaaS",
        "Organization Size": "200+"
    },
    "The Problem": "This project aims to classify people and different organizations into two categories using BERT-based models for natural language processing.",
    "Our Solution": "people-org-classification-using-bert.ipynb",
    "Solution Architecture": "",
    "Deliverables": [
        "people-org-classification-using-bert.ipynb"
    ],
    "Tech Stack": {
        "Tools used": [
            "Kaggle notebook"
        ],
        "Language/techniques used": [
            "python, deep learning"
        ],
        "Models used": [
            "BERT Based Classifier"
        ],
        "Skills used": [
            "Data Science"
        ]
    },
    "Project Snapshots": {
        "": [
            "https://lh7-rt.googleusercontent.com/docsz/AD_4nXfZLtsY3M1lhJH8rkE9JEYr3l2wkUeiDQ3ZCKNXE8hfTBsgxRJE9U6DiRrUBBf6oTYWHHCknVuCwFFqTrEQFchCYBU3tWstEBZzuDUlzObCKm52NigyJFgHgKlDOtQ8UhwqmKAr2vpRGqXp2hobrm_LwGTQKcpYbP1nMYsL4KD9nbem4WnmC_c?key=iCuR9Wk21_j9ZLm6-52OBg"
        ]
    },
    "Project website url": "",
    "Summarize": "Summarized: https://blackcoffer.com/ This project was done by the Blackcoffer Team, a Global IT Consulting firm.",
    "Contact Details": [
        "This solution was designed and developed by Blackcoffer TeamHere are my contact details:Firm Name: Blackcoffer Pvt. Ltd.Firm Website: www.blackcoffer.comFirm Address: 4/2, E-Extension, Shaym Vihar Phase 1, New Delhi 110043Email: ajay@blackcoffer.comSkype: asbidyarthyWhatsApp: +91 9717367468Telegram: @asbidyarthy"
    ]
}