{
    "Title": "Advanced Data Visualization Solutions for Monitoring Key Business Metrics with Integrated, Interactive Dashboards",
    "Client Background": {
        "Client": "A leading IT tech firm in the USA",
        "Industry Type": "IT",
        "Products & Services": "IT Consulting, SaaS, IT Support",
        "Organization Size": "300+"
    },
    "The Problem": "",
    "Our Solution": "",
    "Solution Architecture": "",
    "Deliverables": [],
    "Tech Stack": {},
    "Project Snapshots": {},
    "Project website url": "",
    "Summarize": "Summarized: https://blackcoffer.com/ This project was done by the Blackcoffer Team, a Global IT Consulting firm.",
    "Contact Details": [
        "This solution was designed and developed by Blackcoffer TeamHere are my contact details:Firm Name: Blackcoffer Pvt. Ltd.Firm Website: www.blackcoffer.comFirm Address: 4/2, E-Extension, Shaym Vihar Phase 1, New Delhi 110043Email: ajay@blackcoffer.comSkype: asbidyarthyWhatsApp: +91 9717367468Telegram: @asbidyarthy"
    ]
}