{
    "Title": "Splitting of Songs into its Vocals and Instrumental",
    "Client Background": {
        "Client": "A leading Entertainment firm in the USA",
        "Industry Type": "Entertainment",
        "Services": "Music",
        "Organization Size": "100+"
    },
    "The Problem": "",
    "Our Solution": "I have used Python programming language for this project. The use of a Python library called Spleeter developed by Deezer has been made to achieve our goal.",
    "Solution Architecture": "",
    "Deliverables": [],
    "Tech Stack": {},
    "Project Snapshots": {
        "": [
            "https://lh6.googleusercontent.com/NYvAzUZiRZc44ftrz79qXFxqc4amBboKQTfZqsopI07hmw0nzPiHiDuXxj01fYY5-UotU6JWaXC7WzS3GJ1fm53a913HMc_DpEYOlufTp2Fu39ZxPxHBwh51NIkpTXvrkXNWN6A=s0"
        ]
    },
    "Project website url": "",
    "Summarize": "",
    "Contact Details": []
}