{
    "Title": "E-commerce Store Analysis – Purchase Behavior, Ad Spend, Conversion, Traffic, etc…",
    "Client Background": {
        "Client": "A leading retail firm in the USA",
        "Industry Type": "Retail",
        "Services": "Retail business",
        "Organization Size": "100+"
    },
    "The Problem": "",
    "Our Solution": "We used Google Data Studio to create the dashboard and Google Sheets to link the data sources. To extract data from Bigquery Database, we used SQL language. We created a set of charts including cohort retention and cohort revenue charts to fulfill the client’s requirements.",
    "Solution Architecture": "",
    "Deliverables": [],
    "Tech Stack": {},
    "Project Snapshots": {
        "": [
            "https://lh5.googleusercontent.com/3OzeoHzIHOi_Il_h31hOEaSSIXekwSZWVlzfFSsdtwt1Dja1KT5Zhkd-5xTBjFPG040L0tTc5ErL51OBhdNqE8OP03x72WD83iKwKHEUrTYOGGIPG6JHoPVy7OUhUS7bHZOMnrQpEZv5"
        ]
    },
    "Project website url": "https://lookerstudio.google.com/u/1/reporting/c25c55ae-8052-4166-b363-347a2f8059da/page/SI6uC",
    "Summarize": "",
    "Contact Details": []
}