{
    "Title": "Advanced AI for Handgun Detection",
    "Client Background": {
        "Client": "A leading tech firm in the Middle East",
        "Industry Type": "Security",
        "Services": "Security services",
        "Organization Size": "100+"
    },
    "The Problem": "Detecting Handguns in images and videos.",
    "Our Solution": "We use Yolov7 instance segmentation model to detect and provide coordinates for handguns.",
    "Solution Architecture": "",
    "Deliverables": [
        "Trained model of yolov7 instance segmentation"
    ],
    "Tech Stack": {},
    "Project Snapshots": {},
    "Project website url": "",
    "Summarize": "",
    "Contact Details": [
        "Here are my contact details:",
        "Email: ajay@blackcoffer.com",
        "Skype: asbidyarthy",
        "WhatsApp: +91 9717367468",
        "Telegram: @asbidyarthy",
        "For project discussions and daily updates, would you like to use Slack, Skype, Telegram, or Whatsapp? Please recommend, what would work best for you.",
        ""
    ]
}