{
    "Title": "Statistical Data Analysis of Reinforced Concrete",
    "Client Background": {
        "Client": "A leading research institution in the middle east",
        "Industry Type": "Research",
        "Services": "R&D",
        "Organization Size": "1000+"
    },
    "The Problem": "",
    "Our Solution": "Providing a Comprehensive analysis for the concrete data – showcasing the key insights from it based on the parameters (compressive strength, etc). On the basis of results from the analysis, research paper was drafted which included all the deliverable.",
    "Solution Architecture": "",
    "Deliverables": [],
    "Tech Stack": {},
    "Project Snapshots": {
        "": [
            "https://lh4.googleusercontent.com/u1DqEhBdiQwiw2j4M1-4R7mIzmotdtqD2VtUL79ndgTgp2bLA8An963-At6MhHrmJSvbdJpshe7YuJyOnXm1Fy2rF0URwm4JTGL50wPWROnV81E7P_Q-R3f7eNvSkVzWxdfrCHmE"
        ]
    },
    "Project website url": "",
    "Summarize": "",
    "Contact Details": []
}