{
    "Title": "Azure Data Lake and Power BI Dashboard",
    "Client Background": {
        "Websitehttp": "//www.writeinstone.comCompany size2-10 employeesHeadquartersBlackheath, New South WalesFounded2017SpecialtiesResearch Transparency, Trust, Video Content, Journalism, Proof Of Work, and Bibliographic Standards"
    },
    "The Problem": "",
    "Our Solution": "Built a Power BI dashboard as per the requirement. Also built a separate dashboard for the metric data from Azure.",
    "Solution Architecture": "",
    "Deliverables": [],
    "Tech Stack": {},
    "Project Snapshots": {},
    "Project website url": "",
    "Summarize": "",
    "Contact Details": []
}