{
    "Title": "AI-Driven Backend for Audio-to-Text Conversion and Analytical Assessment in Pharmaceutical Practice",
    "Client Background": {
        "Client": "A leading pharma tech firm in the USA",
        "Industry Type": "Pharma",
        "Products & Services": "Pharma Tech Consulting",
        "Organization Size": "100+"
    },
    "The Problem": "The primary challenge is developing a backend model for an application that captures audio responses from students and employs AI to analyze the content. The backend must perform several critical functions:",
    "Our Solution": "",
    "Solution Architecture": "",
    "Deliverables": [],
    "Tech Stack": {
        "Tools used": []
    },
    "Project Snapshots": {
        "": [
            "https://lh7-rt.googleusercontent.com/docsz/AD_4nXfmi_IOjgkgqMztxmwR-u5jZMwl8olDj-EsXA-KgAFPnUhNcRrBzufnCbQ4HBVEWU21bRgCaABJ0gqoCKRhOe9tg8Bgcz-EGquG-PDEpD6jMtoWmhOPLKFfS-UKPxAFIu5gX5qKgPlD6X83MGmNMBNc17bsQHJtmV0kyR1Gd39wsfHo8sJnkYY?key=xDPjwatCBVxGzXR2FHp0jQ"
        ]
    },
    "Project website url": "https://www.pharmacyinterns.com.au/",
    "Summarize": "Summarized: https://blackcoffer.com/ This project was done by the Blackcoffer Team, a Global IT Consulting firm.",
    "Contact Details": [
        "This solution was designed and developed by Blackcoffer TeamHere are my contact details:Firm Name: Blackcoffer Pvt. Ltd.Firm Website: www.blackcoffer.comFirm Address: 4/2, E-Extension, Shaym Vihar Phase 1, New Delhi 110043Email: ajay@blackcoffer.comSkype: asbidyarthyWhatsApp: +91 9717367468Telegram: @asbidyarthy"
    ]
}