{
    "Title": "Datawarehouse, and Recommendations Engine for AirBNB",
    "Client Background": {
        "Client": "A leading hotels chain in the USA",
        "Industry Type": "Real Estate, Hospitality",
        "Services": "Hostpitality",
        "Organization Size": "1000+"
    },
    "The Problem": "",
    "Our Solution": "We created a Python Script which performs the task and create property and forward master files, which we deliver to client on weekly basis.",
    "Solution Architecture": "",
    "Deliverables": [],
    "Tech Stack": {},
    "Project Snapshots": {
        "": [
            "https://lh3.googleusercontent.com/9VqMQxgf2ZCfQW1h2knWQQoQMIjgFRAlRG8_VxvwsEnoX81dIGB9P__JJr1YC6kkkv9Zy2hUxHFGxgNZYlpcb1s58VAIcVxrzC-hz6bEUygteM8V5ncRRcPUWgJ6-td5fDu1T_Y=s0"
        ]
    },
    "Project website url": "",
    "Summarize": "",
    "Contact Details": []
}