{
    "Title": "Real Estate Data Warehouse",
    "Client Background": {
        "Client": "A leading Real Estate firm in the EU",
        "Industry Type": "Real Estate",
        "Services": "Real Estate",
        "Organization Size": "1000+"
    },
    "The Problem": "",
    "Our Solution": "We have developed a Python tool that crawls and scrapes all the apartment listings for all the states in Germany under each category namely: mieten wohnungen, kaufen wohnungen, kaufen anlageobjekte and kaufen grundstuck. The Scrapy library has been used to crawl and scrape. Beautiful soup could have also been used for the scraping purpose, but for the sake of consistency, Scrapy has been used for both purposes.",
    "Solution Architecture": "",
    "Deliverables": [],
    "Tech Stack": {},
    "Project Snapshots": {
        "": [
            "https://lh6.googleusercontent.com/aIyM8E2V3pJwh1nSAncCpehwYUkMZk_UlotGEr0XiksLWDGrG_uJ6IUK_UvRJNSus9LMBLrKv6kXTdHY7AULqJuTxoQ2fwfKyq_mkYc5iNQxOkoNqFUKRMaQmud9HZCNV_m3p2I=s0"
        ]
    },
    "Project website url": "",
    "Summarize": "",
    "Contact Details": []
}