{
    "Title": "Data Studio Dashboard with a data pipeline tool synced with Podio using custom Webhooks and Google Cloud Function",
    "Client Background": {
        "Client": "A leading tech firm in the USA",
        "Industry Type": "IT",
        "Products & Services": "IT Consulting, SaaS",
        "Organization Size": "300+"
    },
    "The Problem": "The client needs a consolidated KPI dashboard that aggregates data from various applications and SaaS products. Currently, the data is scattered across different platforms, making it difficult to track key performance indicators (KPIs) effectively. The client wants a dashboard that automatically updates with new data, eliminating the need for manual updates. The dashboard should contain separate tabs for current week sales, tickets, customer satisfaction, leads, conversion, company records, and finances. Additionally, the client wants to use Google Cloud Functions to sync data regularly between the Podio data app and Google Sheets.",
    "Our Solution": "The proposed solution involves the creation of a KPI dashboard in Google Sheets, which will serve as a central hub for all the client’s data. This dashboard will be populated with data from various sources, including Google Sheets and the Podio data app. The data will be organized into separate tabs, each representing a different aspect of the business. The dashboard will be designed to automatically update with new data, removing the need for manual updates.",
    "Solution Architecture": "",
    "Deliverables": [],
    "Tech Stack": {
        "Tools used": [
            "Python",
            "Google Sheets",
            "Google Data Studio",
            "Google Cloud Functions",
            "Podio data app"
        ],
        "Language/techniques used": [
            "Python",
            "Javascript"
        ],
        "Skills used": [
            "Data Analysis",
            "Data Visualization",
            "Cloud Functions",
            "API Integration"
        ],
        "Databases used": [
            "BigQuery"
        ]
    },
    "Project Snapshots": {},
    "Project website url": "https://lookerstudio.google.com/u/3/reporting/da134941-6efc-43e4-9b2a-37b7a6aab1b0/page/p_kfrjaxka8c/edit",
    "Summarize": "Summarized: https://blackcoffer.com/ This project was done by the Blackcoffer Team, a Global IT Consulting firm.",
    "Contact Details": [
        "This solution was designed and developed by Blackcoffer TeamHere are my contact details:Firm Name: Blackcoffer Pvt. Ltd.Firm Website: www.blackcoffer.comFirm Address: 4/2, E-Extension, Shaym Vihar Phase 1, New Delhi 110043Email: ajay@blackcoffer.comSkype: asbidyarthyWhatsApp: +91 9717367468Telegram: @asbidyarthy"
    ]
}