{
    "Title": "KPI Dashboard for Accountants",
    "Client Background": {
        "Client": "A leading accounting firm in the USA",
        "Industry Type": "Finance and Accouting",
        "Services": "Accounting and financial services",
        "Organization Size": "100+"
    },
    "The Problem": "",
    "Our Solution": "To achieve our client’s objectives, we used Google Data Studio and Google Sheets to create a visually appealing and easy-to-use KPI dashboard. We created various charts and tables that displayed the KPIs that our client wanted to track. We used Google Sheets to store the data and created visualizations using Data Studio.",
    "Solution Architecture": "",
    "Deliverables": [],
    "Tech Stack": {},
    "Project Snapshots": {
        "": [
            "https://lh4.googleusercontent.com/CyJUZB6HIxfX6McWN3u5pIDK-mCKgui4dSu8raEl40_bsZee9w-BxYX4FOPbnJBMcReeeRI1yzDsCVOgKh_UVJwFwPvPbYSWvzDAUSFMQhrxu3TWpzF6aGbbeW6pqy1RLdA6YNozy-WS3bm-c1cE6A"
        ]
    },
    "Project website url": "Return on Advertising Spend Dashboard: Marketing Automation and Analytics using ETL and Dashboard",
    "Summarize": "",
    "Contact Details": []
}