{
    "Title": "Web Data Connector",
    "Client Background": {
        "Client": "A Leading Marketing Tech Firm in Australia",
        "Industry Type": "Marketing",
        "Services": "Marketing Solutions",
        "Organization Size": "50+"
    },
    "The Problem": "",
    "Our Solution": "Linode server",
    "Solution Architecture": "",
    "Deliverables": [],
    "Tech Stack": {},
    "Project Snapshots": {
        "": [
            "https://lh5.googleusercontent.com/Gtp93KFyCNX7FT3-K65L5h99Hq83bg9N80p9I4O5e-o10zP4PCBpDms9ANpX9sEESQ2qX6m-bUjoC7nTxCiEVi7e-A9EP_xprMyCJvSAkKDG3sZSY7Fmn_E6zb2Fe6Nb3VCuw4CTw76Bxc0cCQ"
        ]
    },
    "Project website url": "https://github.com/X360pro/Web-connector-for-tableu",
    "Summarize": "",
    "Contact Details": []
}