{
    "Title": "Transforming and Managing a Large-Scale SQL Pedigree Database to Neo4j Graph DB",
    "Client Background": {
        "Client": "A leading IT & tech firm in the USA",
        "Industry Type": "IT",
        "Products & Services": "IT Consulting, IT Support, SaaS",
        "Organization Size": "200+"
    },
    "The Problem": "Transfer an SQL relational/pedigree database that has child-parent across ~500,000 records. Client was interested in",
    "Our Solution": "Data Migration to Neo4j:",
    "Solution Architecture": "",
    "Deliverables": [
        "Neo4j graph database containing migrated pedigree data with CRUD operations implemented.",
        "Automated COI calculation and scheduled updates for COIdiff and data cleansing tasks.",
        "Comprehensive documentation covering database schema, CRUD operations, COI calculation algorithms, system setup, and maintenance procedures.",
        "User guides and tutorials for interacting with the graph database and executing specific queries.",
        "Training sessions for client personnel on using and maintaining the system effectively."
    ],
    "Tech Stack": {
        "Tools used": [
            "Auradb,gcp"
        ],
        "Language/techniques used": [
            "Python,cypher query,Neo4j"
        ],
        "Skills used": [
            "Cypher Querying"
        ],
        "Databases used": [
            "graph database"
        ],
        "Web Cloud Servers used": [
            "GCP"
        ]
    },
    "Project Snapshots": {
        "": [
            "https://lh7-rt.googleusercontent.com/docsz/AD_4nXcGDJWNov00Z6lcfSrCgSoXGzP-h2j_cuFeYbS4UNaapNYZpjBtNy2-msphulY6GujlFWYcrRABQfhT1m8n9UzHcIoKivh5b84vXMUHoZYCDDGxAwQIkDWOe8LI6Z3BsffUWqxThv3pp72sdLrkxr5JaZi_WriWYLgOzDaUqLfKh_fK7OuSYvo?key=515NgkAtcGHdmA_cAsFs3A"
        ]
    },
    "Project website url": "Velox.Horse (velox-dev-ezvwl7dg6a-uc.a.run.app)",
    "Summarize": "Summarized: https://blackcoffer.com/ This project was done by the Blackcoffer Team, a Global IT Consulting firm.",
    "Contact Details": [
        "This solution was designed and developed by Blackcoffer TeamHere are my contact details:Firm Name: Blackcoffer Pvt. Ltd.Firm Website: www.blackcoffer.comFirm Address: 4/2, E-Extension, Shaym Vihar Phase 1, New Delhi 110043Email: ajay@blackcoffer.comSkype: asbidyarthyWhatsApp: +91 9717367468Telegram: @asbidyarthy"
    ]
}