{
    "Title": "Ad Networks Marketing Campaign Data Dashboard in Looker (Google Data Studio)",
    "Client Background": {
        "Client": "A leading financial firm in Dubai",
        "Industry Type": "Financial Services",
        "Services": "Banking, Financial Services, Card Payments, Mobile Payments, Digital Bank, and FinTech",
        "Organization Size": "200+"
    },
    "The Problem": "Build dashboards unifying all the platforms in use: Google Ads, FB ads, Appsflyer, Mixpanel, etc,in order to be able to track everything in the funnel from traffic source to total installs (paid, organic and by channel",
    "Our Solution": "https://datastudio.google.com/reporting/8af163c1-b328-4ed3-91fc-cf8a026d0d9f",
    "Solution Architecture": "",
    "Deliverables": [],
    "Tech Stack": {},
    "Project Snapshots": {
        "": [
            "https://lh3.googleusercontent.com/GpET0J_-ZAeVGdvxqEG11JsQOyB26V_Zh1jvRD7qWzAmVuVa_oqxS3_b61FCaB4o9KMcpHr3HG-2DE2SKGzOTcu-EpPOohzCbhLxRV3YDBzAOYWydHigDmNxLxv5Y_sKQq86KUxUeSCaWLYDwHmWjA"
        ]
    },
    "Project website url": "",
    "Summarize": "",
    "Contact Details": [
        "Here are my contact details:",
        "Email: ajay@blackcoffer.com",
        "Skype: asbidyarthy",
        "WhatsApp: +91 9717367468",
        "Telegram: @asbidyarthy",
        "For project discussions and daily updates, would you like to use Slack, Skype, Telegram, or Whatsapp? Please recommend, what would work best for you."
    ]
}