{
    "Title": "Impact of news, media, and press on innovation, startups, and investments",
    "Client Background": {
        "Client": "A leading research institution in the word",
        "Industry Type": "Research, R&D",
        "Services": "R&D",
        "Organization Size": "1000+"
    },
    "The Problem": "",
    "Our Solution": "We used pandas and numpy to clean the data and make useful for it to be used in predictive modelling. We have found the co-relation between the tempa msa pitchbook data and the output files like textual file, ai_ml_tm file etc. We have made the dashboard using the Google Data Studio.",
    "Solution Architecture": "",
    "Deliverables": [],
    "Tech Stack": {},
    "Project Snapshots": {
        "": [
            "https://lh5.googleusercontent.com/cvtJMBztKAMbKEUTui1ptT2PNeTrsgZIdn5ZiAPegBvjLUjrFZwnXOL46T46hnIRS0Sq1TWdO4oPgNJLcEwXYnO7vY6QiJvTbFW-Cns3_2T-8t6h_qqPEjgRxJ2J5GmdheGFCYfg"
        ]
    },
    "Project website url": "",
    "Summarize": "",
    "Contact Details": []
}