{
    "Title": "Comprehensive Analysis of Solana and Ethereum Contributors Using GitHub API with Comparative Study of 1000 Random GitHub Profiles",
    "Client Background": {
        "Client": "A leading IT & tech firm in the USA",
        "Industry Type": "IT",
        "Products & Services": "IT Consulting, IT Support, SaaS",
        "Organization Size": "200+"
    },
    "The Problem": "Perform analysis of all contributor’s profiles of Solana and Ethereum repository by collecting information through GitHub API then perform analysis of all random 1000 Github user’s profile.",
    "Our Solution": "To achieve this analysis first, we need to extract each GitHub user’s data. These user data are retrieved from the most popular repository.",
    "Solution Architecture": "https://github.com/AjayBidyarthy/Abrar-Akhtar-Github-Work/blob/main/Github_Analysis_on_24_01_2024/notebook/Analysis%20of%20Github%20statistics%20of%20combined%20dataset.ipynb",
    "Deliverables": [
        "Analysis of Filtered 760 users data , 790 solana and ethereum user data and 1000 random people dataset"
    ],
    "Tech Stack": {
        "Tools used": [
            "VSCode, MS Excel"
        ],
        "Language/techniques used": [
            "Python, Github API"
        ],
        "Skills used": [
            "Python libraries"
        ],
        "Databases used": [
            "none"
        ],
        "Web Cloud Servers used": [
            "none"
        ]
    },
    "Project Snapshots": {
        "": [
            "https://lh7-rt.googleusercontent.com/docsz/AD_4nXedaL9Hq_6TAGB_zC5NJLp17Im2CL3gm_DNlV6DYlxh3x3qqwaRtSbVrj-LlMRYPZXHkh2Mz1mN8STr_ndpFBhaliGJZhJdWZUbh1OImCGZNEDgPW26k1033DlVldoqWCr5t1nZ2feOQJG-vAHWcXEeJIcNS4_j8LfbbekwEvXFJzIF9JOzv84?key=cX2qpgWejrHM9QYeJgpgdg"
        ]
    },
    "Project website url": "https://github.com/AjayBidyarthy/Abrar-Akhtar-Github-Work/tree/main/Github_Analysis_on_24_01_2024",
    "Summarize": "Summarized: https://blackcoffer.com/ This project was done by the Blackcoffer Team, a Global IT Consulting firm.",
    "Contact Details": [
        "This solution was designed and developed by Blackcoffer TeamHere are my contact details:Firm Name: Blackcoffer Pvt. Ltd.Firm Website: www.blackcoffer.comFirm Address: 4/2, E-Extension, Shaym Vihar Phase 1, New Delhi 110043Email: ajay@blackcoffer.comSkype: asbidyarthyWhatsApp: +91 9717367468Telegram: @asbidyarthy"
    ]
}