{
    "Title": "Google LSA Ads (Google Local Service Ads) – ETL tools and Dashboards",
    "Client Background": {
        "Client": "A leading marketing firm in the USA",
        "Industry Type": "Marketing",
        "Services": "Ads, Marketing, Campaign, Consulting",
        "Organization Size": "200+"
    },
    "The Problem": "The client has a Google LSA Ads Manager Account with about 100+ accounts and wishes to collect data available through the Google LSA API daily. The client wishes to set up a private Databases that is automatically created for newly added accounts and stores all of the collected data (Lead and Phone Call data). Finally, all collected data must be presented through the Google Looker Studio Dashboards, with the design layouts as suggested by the client.",
    "Our Solution": "The solution involves a number of Python-based ETL tools that are responsible for fetching the data from Google’s LSA API daily and updating the same in the Google BigQuery Databases.",
    "Solution Architecture": "",
    "Deliverables": [],
    "Tech Stack": {},
    "Project Snapshots": {
        "": [
            "https://lh5.googleusercontent.com/m6fJ-3xxNPBcPAOT88-35p09NK5AIHr3NcAAVcJRTVtXMkrCN6UTLBNJT_yj4BlGIpZF7_V7aarEJPJMYzcg-pIJu14SmBbBwZ3CCXQdobIsOIZFxzBIzlFcLx4M4R3vhVTDsGtjvYeeJYFYHDzQPA"
        ]
    },
    "Project website url": "",
    "Summarize": "",
    "Contact Details": [
        "Here are my contact details:",
        "Email: ajay@blackcoffer.com",
        "Skype: asbidyarthy",
        "WhatsApp: +91 9717367468",
        "Telegram: @asbidyarthy",
        "For project discussions and daily updates, would you like to use Slack, Skype, Telegram, or Whatsapp? Please recommend, what would work best for you."
    ]
}