{
    "Title": "Analytical solution for a tech firm",
    "Client Background": {
        "Client": "A leading tech firm in the USA",
        "Industry Type": "IT",
        "Services": "Consulting",
        "Organization Size": "100+"
    },
    "The Problem": "The client’s organization had a project that matches URLs up using TF-IDF algorithm.",
    "Our Solution": "Python",
    "Solution Architecture": "",
    "Deliverables": [],
    "Tech Stack": {},
    "Project Snapshots": {
        "": [
            "https://lh5.googleusercontent.com/_-BAzdnFRq7HJ2W2B8YM4ddrJNGQgZIQ9BNBlswM7yuNSihU0bRycXtvLB5BAodydcDGO3AczJ_9QMDlgP3KUqqNoBrJ3JzJ-2tWvwOlkZfttQzCkA-AWpj2RsMyR2f0qqdh5-4ZI0w4qopIzNQ8rw"
        ]
    },
    "Project website url": "https://colab.research.google.com/github/AjayBidyarthy/Daniel-Emery/blob/main/vanilla.ipynb#scrollTo=vPp14xj020RL",
    "Summarize": "",
    "Contact Details": [
        "Here are my contact details:",
        "Email: ajay@blackcoffer.com",
        "Skype: asbidyarthy",
        "WhatsApp: +91 9717367468",
        "Telegram: @asbidyarthy",
        "For project discussions and daily updates, would you like to use Slack, Skype, Telegram, or Whatsapp? Please recommend, what would work best for you."
    ]
}