{
    "Title": "Immigration Datawarehouse & AI-based recommendations",
    "Client Background": {
        "Client": "A leading business school worldwide",
        "Industry Type": "R&D",
        "Services": "R&D, Innovation",
        "Organization Size": "100+"
    },
    "The Problem": "",
    "Our Solution": "We provide them with completed Phase 1 in an excel sheet and ongoing samples for Phase 2. Also work for Phase 3 has been started in between to complete the Project as soon as possible in a best way.",
    "Solution Architecture": "",
    "Deliverables": [],
    "Tech Stack": {},
    "Project Snapshots": {
        "": [
            "https://lh3.googleusercontent.com/8Zu9adngKw1fc0pBdiRnxjZ7HMrEozNDUefX_mQToVs-6LvsEDiYByVt37_vdDFT6K_lbljfKaIDZ78838v-BXB-OagewwnpINT4iIOoFZ9z37RxJo7aPHZswg-CNfQGp0oLi5M=s0"
        ]
    },
    "Project website url": "",
    "Summarize": "",
    "Contact Details": []
}