{
    "Title": "Microsoft Azure chatbot with LUIS (Language Understanding)",
    "Client Background": {
        "Client": "A leading retail firm in the USA",
        "Industry Type": "Retail",
        "Services": "e-commerce, retail business",
        "Organization Size": "100+"
    },
    "The Problem": "",
    "Our Solution": "Our solution is to create a chatbot on MS Azure platform using their LUIS service in bot-framework composer environment. Use dynamic hero cards to display menu so that user can get a better experience.",
    "Solution Architecture": "",
    "Deliverables": [],
    "Tech Stack": {},
    "Project Snapshots": {
        "": [
            "https://lh5.googleusercontent.com/OyKJQ4NqxpNOtNerp5Lt25j7L4jSO8CvUUAZ69TlKOa3jA-KZagj0ccn2F5AizXSKEOfy0VvibNmiOsHcxpCtTVOBoZ9gfGwRnIQhAW5DN93oSv8wod-njqaIUoCoJwQ6at92V6_"
        ]
    },
    "Project website url": "",
    "Summarize": "",
    "Contact Details": []
}