{
    "Title": "AI and ML technologies to Evaluate Learning Assessments",
    "Client Background": {
        "Client": "A leading EduTech firm in the USA",
        "Industry Type": "EduTech",
        "Services": "Educations. Training",
        "Organization Size": "1000+"
    },
    "The Problem": "",
    "Our Solution": "We helped the client in deciding the data required for the analysis process. We came up with the appropriate models for various tasks and interpretations of how the data will be collected and analysed for the initial response, final response, retention, proficiency, and learning intent of the user. We designed the models in such a way that one can perform seamlessly grading for each question type (based on difficulty level) and at a different hierarchical level (sub-section, section, training, and so on). We knew that each user has its unique aptitude level (basic, intermediate, and advanced) and keeping that in my mind, we incorporated those aptitude levels in our analytics too. Moreover, we integrated the grade and time factor into the analysis so that more points are allotted for comparatively tough questions and quick responses, respectively.",
    "Solution Architecture": "",
    "Deliverables": [],
    "Tech Stack": {},
    "Project Snapshots": {
        "": [
            "https://lh3.googleusercontent.com/GHKb5hZj9Xv3oeBoqt1mAXCSsZ-R5Dn-scaZZkkk4l8S9GC3Q3XG9Uasg0jkfbELyeFzUlH12kwlJk87X-8LUBgb4QAPIdh3ZHm6aduz9nEn-HiS40MzKiRxqQ4CHyirI0rzsyo=s0"
        ]
    },
    "Project website url": "",
    "Summarize": "",
    "Contact Details": []
}